Timestamp, Quality, Angle, Distance, Acceleration X, Acceleration Y, Acceleration Z, Orientation Pitch, Orientation Roll, Orientation Yaw
0.329, 15, 273.92, 812.25, 0.53, 0.12, 0.66, 321.65, 10.29, 48.52
0.465, 15, 143.19, 355.5, 0.63, 0.09, 0.66, 321.57, 10.33, 48.46
0.498, 15, 144.30, 347.75, 0.51, 0.00, 0.66, 321.62, 10.47, 48.35
0.531, 15, 146.09, 339.5, 0.55, 0.04, 0.65, 321.69, 10.50, 48.37
0.556, 15, 147.62, 332.25, 0.57, -0.00, 0.65, 321.68, 10.43, 48.48
0.584, 15, 149.61, 325.5, 0.62, 0.08, 0.67, 321.61, 10.41, 48.46
0.610, 15, 186.30, 265.75, 0.56, 0.10, 0.66, 321.64, 10.48, 48.47
0.643, 15, 187.42, 266.0, 0.55, 0.03, 0.66, 321.71, 10.46, 48.56
0.676, 15, 190.11, 266.25, 0.54, 0.03, 0.66, 321.66, 10.37, 48.66
0.703, 15, 190.59, 266.75, 0.60, 0.05, 0.66, 321.52, 10.31, 48.70
0.736, 15, 191.98, 268.5, 0.57, 0.05, 0.66, 321.53, 10.44, 48.60
0.774, 15, 194.03, 269.5, 0.56, 0.00, 0.65, 321.58, 10.46, 48.59
0.806, 15, 195.55, 270.75, 0.77, 0.06, 0.65, 321.58, 10.48, 48.68
0.834, 15, 196.56, 272.5, 0.57, 0.05, 0.67, 321.56, 10.50, 48.72
0.867, 15, 197.83, 274.25, 0.61, 0.02, 0.67, 321.56, 10.48, 48.73
0.893, 15, 313.41, 648.75, 0.53, 0.02, 0.67, 321.64, 10.41, 48.82
0.925, 15, 314.94, 631.5, 0.62, -0.02, 0.66, 321.61, 10.35, 48.92
0.958, 15, 316.53, 611.0, 0.57, 0.06, 0.67, 321.54, 10.36, 48.89
0.983, 15, 318.08, 591.0, 0.48, 0.01, 0.66, 321.52, 10.42, 48.81
1.013, 15, 319.58, 579.25, 0.65, -0.02, 0.64, 321.57, 10.34, 48.87
1.046, 15, 321.25, 563.25, 0.62, -0.15, 0.65, 321.56, 10.29, 48.91
1.083, 15, 322.56, 549.75, 0.56, 0.05, 0.66, 321.58, 10.38, 48.79
1.117, 15, 324.16, 539.5, 0.65, -0.00, 0.66, 321.61, 10.46, 48.72
1.150, 15, 325.92, 530.25, 0.60, 0.07, 0.67, 321.58, 10.42, 48.76
1.181, 15, 81.53, 992.0, 0.59, 0.06, 0.67, 321.50, 10.34, 48.80
1.215, 15, 83.05, 986.5, 0.67, 0.04, 0.67, 321.51, 10.33, 48.88
1.244, 15, 84.45, 985.25, 0.59, 0.05, 0.66, 321.58, 10.25, 48.99
1.275, 15, 85.91, 979.25, 0.55, 0.02, 0.65, 321.60, 10.20, 49.03
1.302, 15, 87.39, 977.75, 0.58, 0.05, 0.66, 321.59, 10.33, 48.91
1.337, 15, 89.02, 974.5, 0.66, 0.05, 0.66, 321.62, 10.48, 48.83
1.365, 15, 90.47, 975.25, 0.57, 0.05, 0.66, 321.64, 10.47, 48.91
1.396, 15, 91.97, 974.5, 0.57, 0.04, 0.65, 321.58, 10.41, 48.96
1.423, 15, 93.45, 972.75, 0.61, 0.08, 0.65, 321.51, 10.42, 48.92
1.449, 15, 186.97, 270.5, 0.61, 0.10, 0.65, 321.51, 10.53, 48.85
1.482, 15, 187.70, 271.25, 0.59, 0.07, 0.65, 321.63, 10.64, 48.79
1.514, 15, 188.95, 272.0, 0.72, 0.01, 0.66, 321.69, 10.64, 48.88
1.542, 15, 190.53, 272.5, 0.59, 0.06, 0.67, 321.68, 10.62, 48.92
1.575, 15, 192.50, 273.5, 0.63, 0.05, 0.66, 321.68, 10.56, 49.04
1.609, 15, 193.98, 274.75, 0.60, 0.03, 0.65, 321.81, 10.47, 49.17
1.646, 15, 195.23, 276.0, 0.55, 0.08, 0.66, 321.80, 10.40, 49.30
1.679, 15, 196.55, 277.75, 0.54, 0.15, 0.68, 321.71, 10.42, 49.31
1.711, 0, 230.84, 0.0, 0.60, 0.02, 0.66, 321.80, 10.45, 49.23
1.744, 0, 232.34, 0.0, 0.61, 0.12, 0.65, 321.88, 10.45, 49.20
1.770, 0, 233.84, 0.0, 0.63, 0.10, 0.65, 321.88, 10.53, 49.16
1.799, 0, 235.38, 0.0, 0.54, 0.06, 0.71, 321.78, 10.62, 49.15
1.832, 0, 236.88, 0.0, 0.60, 0.02, 0.68, 321.71, 10.51, 49.19
1.868, 0, 238.38, 0.0, 0.56, 0.02, 0.65, 321.74, 10.34, 49.19
1.914, 0, 239.88, 0.0, 0.60, 0.05, 0.66, 321.71, 10.61, 48.99
1.961, 0, 241.38, 0.0, 0.57, 0.13, 0.66, 321.82, 10.57, 49.05
1.993, 15, 349.08, 426.25, 0.65, 0.07, 0.65, 321.84, 10.53, 49.11
2.027, 15, 350.59, 423.0, 0.59, 0.17, 0.66, 321.72, 10.61, 49.07
2.062, 15, 352.30, 419.5, 0.60, 0.10, 0.66, 321.71, 10.73, 48.99
2.095, 15, 353.61, 417.25, 0.57, 0.17, 0.65, 321.73, 10.71, 49.04
2.133, 15, 355.42, 417.5, 0.59, 0.13, 0.66, 321.58, 10.76, 49.05
2.164, 15, 356.98, 415.5, 0.62, 0.11, 0.66, 321.52, 10.83, 48.97
2.197, 15, 358.38, 413.5, 0.57, 0.13, 0.65, 321.53, 10.90, 48.95
2.227, 15, 359.70, 415.75, 0.58, 0.17, 0.65, 321.57, 10.87, 49.01
2.258, 15, 62.44, 851.25, 0.63, 0.06, 0.66, 321.56, 10.78, 49.10
2.293, 15, 63.78, 891.5, 0.56, 0.09, 0.66, 321.56, 10.81, 49.12
2.320, 15, 65.27, 935.25, 0.59, 0.03, 0.66, 321.59, 10.82, 49.15
2.352, 15, 66.61, 989.75, 0.53, 0.16, 0.65, 321.59, 10.72, 49.24
2.386, 15, 68.12, 1047.75, 0.58, 0.12, 0.66, 321.50, 10.79, 49.14
2.420, 15, 69.61, 1045.5, 0.62, 0.12, 0.66, 321.44, 10.79, 49.25
2.454, 15, 71.12, 1038.75, 0.62, 0.14, 0.65, 321.53, 10.63, 49.38
2.483, 15, 72.66, 1025.5, 0.55, 0.02, 0.65, 321.57, 10.40, 49.67
2.516, 15, 106.88, 1014.5, 0.51, 0.15, 0.66, 321.55, 10.35, 49.79
2.542, 15, 108.30, 989.5, 0.59, 0.09, 0.67, 321.66, 10.49, 49.66
2.573, 15, 109.92, 901.75, 0.57, 0.12, 0.65, 321.73, 10.58, 49.61
2.604, 15, 111.83, 710.25, 0.52, 0.02, 0.65, 321.61, 10.65, 49.61
2.632, 15, 113.22, 770.25, 0.65, 0.13, 0.68, 321.53, 10.72, 49.59
2.659, 15, 114.77, 720.0, 0.66, 0.13, 0.67, 321.59, 10.77, 49.57
2.689, 15, 116.52, 676.0, 0.57, 0.10, 0.64, 321.69, 10.69, 49.69
2.720, 15, 118.19, 638.0, 0.71, 0.10, 0.66, 321.68, 10.63, 49.85
2.756, 15, 119.67, 604.0, 0.49, 0.17, 0.67, 321.71, 10.76, 49.75
2.787, 15, 204.81, 312.5, 0.58, 0.09, 0.66, 321.80, 10.86, 49.69
2.815, 15, 206.42, 316.25, 0.56, 0.13, 0.65, 321.82, 10.92, 49.65
2.842, 15, 208.00, 320.0, 0.52, 0.19, 0.66, 321.80, 10.95, 49.70
2.873, 15, 209.22, 324.75, 0.64, 0.30, 0.67, 321.73, 11.03, 49.65
2.910, 15, 211.11, 329.0, 0.55, 0.14, 0.67, 321.71, 10.97, 49.75
2.940, 15, 212.17, 334.25, 0.57, 0.12, 0.66, 321.71, 10.73, 49.96
2.968, 15, 213.69, 340.25, 0.43, 0.18, 0.66, 321.69, 10.39, 50.20
3.001, 15, 215.08, 345.5, 0.47, 0.14, 0.66, 321.66, 10.28, 50.32
3.040, 15, 216.55, 351.75, 0.55, 0.07, 0.67, 321.78, 10.41, 50.19
3.072, 15, 328.61, 469.0, 0.51, 0.16, 0.65, 321.83, 10.49, 50.05
3.098, 15, 330.08, 464.0, 0.62, 0.13, 0.66, 321.81, 10.63, 49.96
3.130, 15, 331.50, 456.25, 0.56, 0.29, 0.67, 321.83, 10.74, 49.93
3.164, 15, 333.14, 448.0, 0.54, 0.06, 0.66, 321.89, 10.55, 50.15
3.199, 15, 334.53, 445.75, 0.50, 0.03, 0.66, 321.92, 10.38, 50.30
3.226, 15, 336.39, 437.5, 0.59, 0.15, 0.67, 321.85, 10.37, 50.26
3.258, 15, 337.73, 434.75, 0.55, 0.13, 0.67, 321.82, 10.57, 50.04
3.286, 15, 339.31, 426.75, 0.60, 0.15, 0.66, 321.84, 10.79, 49.86
3.320, 15, 340.88, 422.75, 0.54, 0.18, 0.66, 321.87, 10.80, 49.82
3.351, 15, 82.80, 984.5, 0.49, 0.19, 0.66, 321.84, 10.77, 49.76
3.378, 15, 84.36, 983.25, 0.57, 0.14, 0.66, 321.85, 10.81, 49.69
3.414, 15, 85.78, 980.25, 0.55, 0.18, 0.66, 321.87, 10.84, 49.65
3.443, 15, 87.28, 977.5, 0.53, 0.18, 0.65, 321.83, 10.79, 49.68
3.469, 15, 88.77, 977.25, 0.52, 0.14, 0.66, 321.76, 10.69, 49.72
3.499, 15, 90.30, 976.0, 0.57, 0.14, 0.66, 321.81, 10.63, 49.67
3.530, 15, 91.84, 976.0, 0.50, 0.14, 0.65, 321.89, 10.65, 49.64
3.557, 15, 93.25, 978.0, 0.47, 0.07, 0.66, 321.87, 10.75, 49.55
3.594, 15, 94.77, 982.0, 0.46, 0.16, 0.66, 321.80, 10.95, 49.28
3.625, 15, 187.95, 300.0, 0.53, 0.16, 0.65, 321.84, 11.29, 48.96
3.661, 15, 189.55, 300.5, 0.59, 0.22, 0.65, 321.93, 11.46, 48.76
3.689, 15, 190.39, 302.25, 0.51, 0.16, 0.65, 321.94, 11.35, 48.78
3.721, 15, 192.12, 303.5, 0.58, 0.24, 0.66, 321.92, 11.20, 48.80
3.753, 15, 193.95, 305.5, 0.46, 0.19, 0.65, 322.03, 11.22, 48.74
3.781, 15, 195.17, 307.25, 0.49, 0.19, 0.64, 322.10, 11.24, 48.72
3.811, 15, 196.20, 309.25, 0.56, 0.19, 0.66, 322.07, 11.18, 48.69
3.840, 15, 197.70, 311.75, 0.58, 0.20, 0.67, 322.14, 11.20, 48.63
3.869, 15, 199.03, 315.0, 0.46, 0.09, 0.66, 322.27, 11.25, 48.56
3.898, 15, 287.30, 1280.5, 0.51, 0.22, 0.66, 322.43, 11.28, 48.52
3.932, 15, 288.88, 1172.0, 0.41, 0.14, 0.67, 322.48, 11.32, 48.51
3.966, 15, 290.53, 1084.5, 0.55, 0.26, 0.67, 322.50, 11.57, 48.35
3.999, 15, 292.14, 1008.75, 0.49, 0.21, 0.63, 322.65, 11.83, 48.15
4.034, 15, 293.67, 944.0, 0.53, 0.21, 0.67, 322.76, 11.97, 48.02
4.061, 15, 295.33, 886.0, 0.48, 0.28, 0.67, 322.68, 12.07, 47.93
4.087, 15, 296.91, 836.5, 0.51, 0.24, 0.67, 322.57, 12.15, 47.83
4.121, 15, 298.48, 795.75, 0.55, 0.18, 0.67, 322.56, 12.15, 47.68
4.149, 15, 300.02, 758.5, 0.55, 0.15, 0.65, 322.70, 12.26, 47.34
4.179, 15, 46.52, 551.75, 0.45, 0.25, 0.65, 322.76, 12.59, 46.91
4.215, 15, 47.95, 567.25, 0.57, 0.19, 0.68, 322.79, 13.20, 46.41
4.250, 15, 49.45, 581.0, 0.48, 0.29, 0.70, 322.83, 13.31, 46.33
4.283, 15, 50.91, 600.5, 0.54, 0.28, 0.69, 322.81, 13.05, 46.52
4.311, 15, 52.14, 620.5, 0.38, 0.29, 0.68, 322.68, 12.72, 46.71
4.342, 15, 53.77, 641.0, 0.47, 0.23, 0.69, 322.49, 12.82, 46.55
4.376, 15, 55.11, 666.75, 0.52, 0.31, 0.68, 322.46, 13.04, 46.33
4.421, 15, 56.42, 692.25, 0.50, 0.30, 0.66, 322.16, 13.10, 46.39
4.455, 0, 149.20, 0.0, 0.51, 0.24, 0.67, 321.83, 13.13, 46.49
4.486, 0, 150.70, 0.0, 0.45, 0.18, 0.67, 321.64, 13.07, 46.60
4.514, 13, 148.22, 369.5, 0.35, 0.20, 0.65, 321.45, 12.90, 46.77
4.546, 0, 153.69, 0.0, 0.47, 0.11, 0.65, 321.26, 12.81, 46.90
4.579, 15, 151.52, 362.0, 0.48, 0.13, 0.65, 321.23, 13.01, 46.75
4.607, 15, 153.02, 356.5, 0.52, 0.10, 0.65, 321.27, 13.40, 46.51
4.641, 15, 154.44, 352.0, 0.49, 0.20, 0.66, 321.23, 13.53, 46.45
4.674, 15, 156.05, 348.0, 0.57, 0.17, 0.66, 321.15, 13.47, 46.43
4.711, 15, 157.58, 343.5, 0.45, 0.27, 0.65, 321.06, 13.22, 46.56
4.742, 15, 290.34, 1013.25, 0.56, 0.26, 0.65, 321.07, 12.90, 46.71
4.772, 15, 291.98, 946.75, 0.62, 0.26, 0.64, 321.05, 12.44, 46.91
4.802, 15, 293.58, 896.0, 0.58, 0.24, 0.64, 320.99, 12.21, 46.98
4.830, 15, 295.09, 841.0, 0.68, 0.20, 0.66, 321.00, 12.25, 46.93
4.859, 15, 296.73, 801.0, 0.57, 0.18, 0.64, 321.10, 12.35, 46.82
4.890, 15, 298.34, 764.5, 0.57, 0.22, 0.64, 321.15, 12.48, 46.64
4.920, 15, 299.83, 728.0, 0.58, 0.32, 0.66, 321.20, 12.75, 46.33
4.946, 15, 301.39, 700.25, 0.45, 0.32, 0.66, 321.27, 13.01, 46.11
4.976, 15, 302.97, 673.25, 0.64, 0.23, 0.65, 321.26, 13.05, 46.07
5.006, 15, 358.95, 384.75, 0.64, 0.27, 0.65, 321.23, 12.92, 46.18
5.032, 15, 0.50, 387.25, 0.50, 0.25, 0.66, 321.26, 12.78, 46.30
5.058, 15, 1.98, 387.0, 0.58, 0.22, 0.66, 321.35, 12.80, 46.28
5.093, 15, 3.67, 386.25, 0.54, 0.19, 0.66, 321.47, 12.81, 46.22
5.127, 11, 5.12, 390.75, 0.61, 0.26, 0.67, 321.59, 12.85, 46.18
5.164, 0, 10.64, 0.0, 0.52, 0.23, 0.67, 321.67, 12.93, 46.09
5.197, 6, 9.20, 312.75, 0.56, 0.24, 0.67, 321.64, 13.00, 46.00
5.230, 8, 10.36, 314.0, 0.60, 0.24, 0.66, 321.49, 13.09, 45.95
5.258, 15, 40.34, 518.0, 0.61, 0.22, 0.66, 321.14, 13.14, 45.93
5.288, 15, 41.66, 530.75, 0.62, 0.27, 0.66, 320.92, 13.21, 45.81
5.325, 15, 43.11, 544.0, 0.61, 0.20, 0.64, 320.93, 13.19, 45.82
5.358, 15, 44.64, 557.5, 0.54, 0.29, 0.64, 320.99, 13.25, 45.77
5.392, 15, 45.95, 571.75, 0.53, 0.20, 0.65, 320.95, 13.29, 45.75
5.427, 15, 47.41, 588.75, 0.63, 0.26, 0.65, 320.95, 13.15, 45.86
5.463, 15, 48.83, 606.75, 0.60, 0.20, 0.65, 321.17, 12.88, 46.05
5.494, 15, 50.22, 625.5, 0.54, 0.28, 0.66, 321.34, 12.59, 46.24
5.528, 15, 107.48, 975.0, 0.42, 0.25, 0.67, 321.29, 12.88, 46.02
5.563, 15, 108.97, 896.5, 0.63, 0.24, 0.68, 321.23, 13.34, 45.58
5.596, 15, 110.92, 737.75, 0.62, 0.28, 0.66, 321.17, 13.43, 45.50
5.624, 0, 118.36, 0.0, 0.63, 0.20, 0.65, 320.97, 13.30, 45.67
5.659, 0, 119.84, 0.0, 0.52, 0.30, 0.66, 320.91, 13.24, 45.71
5.685, 15, 115.47, 691.0, 0.53, 0.21, 0.65, 321.03, 13.26, 45.70
5.716, 15, 117.03, 657.0, 0.59, 0.23, 0.65, 321.12, 13.19, 45.82
5.743, 15, 118.72, 623.75, 0.58, 0.24, 0.65, 321.14, 13.20, 45.83
5.778, 15, 120.27, 594.75, 0.50, 0.29, 0.66, 321.16, 13.28, 45.77
5.805, 0, 241.75, 0.0, 0.56, 0.22, 0.66, 321.17, 13.37, 45.71
5.836, 0, 243.25, 0.0, 0.41, 0.23, 0.67, 321.21, 13.28, 45.72
5.862, 8, 239.48, 556.0, 0.60, 0.29, 0.66, 321.20, 13.06, 45.88
5.897, 0, 246.25, 0.0, 0.57, 0.27, 0.66, 321.09, 12.92, 46.06
5.932, 0, 247.73, 0.0, 0.59, 0.20, 0.66, 321.02, 12.79, 46.26
5.958, 0, 249.23, 0.0, 0.58, 0.16, 0.66, 321.08, 12.59, 46.38
5.990, 0, 250.73, 0.0, 0.56, 0.23, 0.64, 321.12, 12.52, 46.41
6.017, 0, 252.23, 0.0, 0.54, 0.17, 0.66, 321.10, 12.82, 46.20
6.051, 12, 247.72, 760.75, 0.67, 0.22, 0.67, 321.17, 13.05, 46.09
6.083, 11, 334.22, 307.25, 0.62, 0.23, 0.65, 321.17, 12.92, 46.25
6.117, 15, 335.30, 302.5, 0.70, 0.28, 0.65, 321.02, 12.78, 46.34
6.143, 12, 337.31, 299.75, 0.61, 0.30, 0.66, 320.97, 12.81, 46.31
6.178, 14, 338.39, 295.5, 0.63, 0.22, 0.65, 321.08, 12.84, 46.37
6.211, 15, 339.88, 291.5, 0.63, 0.22, 0.65, 321.00, 12.62, 46.68
6.244, 15, 341.64, 288.0, 0.64, 0.25, 0.67, 320.94, 12.58, 46.74
6.270, 14, 342.89, 286.75, 0.60, 0.28, 0.68, 321.02, 12.68, 46.60
6.296, 12, 344.81, 284.5, 0.65, 0.24, 0.66, 321.19, 12.79, 46.46
6.331, 10, 346.92, 279.25, 0.41, 0.31, 0.65, 321.16, 12.76, 46.48
6.358, 15, 86.91, 989.0, 0.61, 0.33, 0.67, 321.04, 12.71, 46.48
6.392, 15, 88.41, 990.0, 0.69, 0.23, 0.65, 321.08, 12.77, 46.45
6.426, 15, 89.92, 986.5, 0.56, 0.28, 0.65, 321.11, 12.80, 46.47
6.460, 15, 91.31, 991.75, 0.64, 0.19, 0.65, 321.06, 12.81, 46.41
6.494, 15, 92.91, 991.75, 0.62, 0.25, 0.65, 321.07, 12.87, 46.33
6.528, 15, 94.36, 993.25, 0.59, 0.20, 0.66, 321.15, 12.87, 46.36
6.561, 15, 95.86, 996.0, 0.54, 0.32, 0.65, 321.23, 12.84, 46.33
6.596, 15, 97.33, 1001.75, 0.60, 0.23, 0.65, 321.18, 12.75, 46.35
6.622, 15, 160.36, 332.5, 0.61, 0.22, 0.65, 321.11, 12.73, 46.36
6.655, 15, 162.05, 329.5, 0.58, 0.30, 0.64, 321.23, 12.79, 46.28
6.692, 15, 163.05, 327.0, 0.53, 0.21, 0.64, 321.28, 12.59, 46.48
6.727, 15, 164.88, 324.5, 0.54, 0.25, 0.66, 321.23, 12.48, 46.57
6.757, 15, 166.09, 322.0, 0.40, 0.27, 0.66, 321.23, 12.48, 46.50
6.784, 15, 167.92, 320.5, 0.57, 0.23, 0.67, 321.38, 12.58, 46.43
6.819, 15, 169.58, 318.0, 0.67, 0.28, 0.66, 321.52, 12.74, 46.39
6.852, 15, 170.59, 316.75, 0.59, 0.24, 0.67, 321.39, 12.70, 46.52
6.887, 15, 206.53, 362.5, 0.65, 0.25, 0.68, 321.33, 12.70, 46.54
6.920, 15, 208.38, 367.5, 0.58, 0.27, 0.65, 321.29, 12.56, 46.65
6.953, 15, 209.86, 373.0, 0.67, 0.22, 0.65, 321.18, 12.42, 46.76
6.988, 0, 215.19, 0.0, 0.76, 0.21, 0.67, 321.18, 12.42, 46.78
7.014, 7, 215.27, 257.0, 0.60, 0.24, 0.66, 321.22, 12.52, 46.72
7.047, 15, 213.80, 388.25, 0.60, 0.27, 0.66, 321.13, 12.47, 46.84
7.081, 9, 213.61, 738.5, 0.53, 0.23, 0.67, 321.03, 12.46, 46.84
7.108, 0, 221.17, 0.0, 0.78, 0.21, 0.67, 321.01, 12.52, 46.74
7.134, 10, 246.27, 736.5, 0.68, 0.24, 0.65, 321.05, 12.58, 46.72
7.167, 0, 253.86, 0.0, 0.66, 0.27, 0.65, 320.98, 12.51, 46.89
7.197, 0, 255.36, 0.0, 0.61, 0.24, 0.66, 320.84, 12.40, 46.97
7.231, 0, 256.86, 0.0, 0.66, 0.16, 0.65, 320.80, 12.38, 46.96
7.263, 15, 251.66, 1125.25, 0.70, 0.25, 0.64, 320.84, 12.52, 46.90
7.297, 15, 252.98, 1231.5, 0.61, 0.28, 0.65, 320.78, 12.55, 46.96
7.330, 7, 261.33, 0.0, 0.68, 0.24, 0.66, 320.76, 12.58, 46.92
7.365, 12, 262.83, 0.0, 0.63, 0.21, 0.65, 320.82, 12.57, 47.01
7.399, 15, 293.78, 867.25, 0.60, 0.23, 0.64, 320.88, 12.58, 47.03
7.433, 15, 295.39, 824.0, 0.68, 0.35, 0.65, 320.96, 12.71, 46.88
7.468, 15, 296.88, 781.75, 0.63, 0.35, 0.66, 321.00, 12.84, 46.81
7.502, 15, 298.48, 748.25, 0.60, 0.31, 0.66, 321.03, 13.10, 46.61
7.535, 15, 300.16, 716.5, 0.58, 0.34, 0.66, 320.98, 13.26, 46.50
7.569, 15, 301.67, 686.5, 0.69, 0.30, 0.66, 320.89, 13.25, 46.55
7.598, 15, 303.25, 658.0, 0.64, 0.30, 0.67, 320.88, 13.20, 46.63
7.628, 15, 304.89, 637.0, 0.64, 0.26, 0.66, 320.94, 13.18, 46.66
7.653, 15, 4.69, 255.5, 0.61, 0.31, 0.64, 320.91, 13.09, 46.74
7.680, 15, 5.72, 256.0, 0.52, 0.26, 0.65, 320.79, 12.96, 46.85
7.706, 13, 7.61, 256.25, 0.68, 0.26, 0.66, 320.81, 12.78, 46.92
7.739, 15, 8.70, 258.0, 0.69, 0.26, 0.65, 320.93, 12.59, 47.00
7.765, 15, 10.86, 260.25, 0.62, 0.23, 0.63, 321.02, 12.29, 47.20
7.792, 10, 11.94, 258.75, 0.56, 0.27, 0.65, 321.05, 11.97, 47.47
7.825, 8, 13.78, 259.25, 0.63, 0.22, 0.65, 321.11, 11.94, 47.49
7.852, 15, 15.41, 263.5, 0.59, 0.22, 0.66, 321.20, 12.16, 47.37
7.887, 14, 16.47, 268.25, 0.61, 0.21, 0.66, 321.25, 12.29, 47.27
7.914, 15, 50.91, 632.25, 0.59, 0.28, 0.66, 321.28, 12.34, 47.19
7.944, 15, 52.27, 651.5, 0.66, 0.20, 0.66, 321.28, 12.35, 47.17
7.972, 15, 53.80, 675.25, 0.64, 0.24, 0.66, 321.31, 12.42, 47.11
8.006, 15, 55.17, 701.5, 0.63, 0.24, 0.65, 321.42, 12.48, 47.05
8.040, 15, 56.61, 727.75, 0.54, 0.24, 0.65, 321.39, 12.51, 47.06
8.074, 15, 57.95, 763.25, 0.52, 0.23, 0.68, 321.29, 12.58, 46.98
8.109, 15, 59.30, 798.25, 0.61, 0.28, 0.66, 321.36, 12.59, 46.95
8.136, 15, 60.83, 833.0, 0.57, 0.22, 0.65, 321.43, 12.39, 47.06
8.169, 15, 62.16, 879.0, 0.53, 0.29, 0.65, 321.43, 12.23, 47.07
8.196, 15, 171.27, 317.0, 0.62, 0.22, 0.65, 321.42, 12.12, 47.06
8.226, 15, 172.84, 315.75, 0.58, 0.23, 0.66, 321.45, 12.06, 47.12
8.254, 15, 174.98, 315.0, 0.60, 0.37, 0.66, 321.54, 12.22, 47.15
8.288, 15, 176.31, 314.5, 0.51, 0.27, 0.67, 321.51, 12.51, 46.96
8.322, 15, 177.69, 314.25, 0.58, 0.28, 0.65, 321.37, 12.61, 46.91
8.357, 15, 178.88, 314.0, 0.57, 0.27, 0.66, 321.30, 12.61, 46.99
8.386, 15, 180.50, 314.25, 0.45, 0.28, 0.66, 321.27, 12.60, 47.03
8.417, 15, 182.03, 314.25, 0.58, 0.27, 0.65, 321.22, 12.66, 46.98
8.451, 15, 183.77, 315.0, 0.63, 0.20, 0.65, 321.18, 12.73, 46.98
8.478, 15, 289.67, 1025.5, 0.58, 0.26, 0.65, 321.27, 12.78, 46.98
8.509, 15, 291.23, 960.5, 0.64, 0.24, 0.64, 321.35, 12.72, 46.98
8.536, 15, 292.84, 900.0, 0.58, 0.24, 0.65, 321.34, 12.80, 46.96
8.569, 15, 294.52, 847.75, 0.67, 0.28, 0.66, 321.41, 12.97, 46.88
8.606, 15, 296.06, 803.0, 0.59, 0.22, 0.66, 321.43, 13.00, 46.88
8.640, 15, 297.52, 763.75, 0.61, 0.31, 0.66, 321.33, 12.99, 46.89
8.672, 15, 299.25, 728.75, 0.63, 0.29, 0.66, 321.23, 13.14, 46.78
8.697, 15, 300.64, 698.25, 0.57, 0.29, 0.66, 321.16, 13.28, 46.70
8.733, 15, 302.23, 672.75, 0.62, 0.19, 0.67, 321.24, 13.36, 46.68
8.766, 15, 55.11, 711.0, 0.59, 0.28, 0.67, 321.22, 13.41, 46.66
8.802, 15, 56.45, 743.5, 0.65, 0.27, 0.67, 321.11, 13.53, 46.54
8.835, 15, 57.94, 774.5, 0.59, 0.33, 0.67, 321.14, 13.56, 46.43
8.861, 15, 59.41, 811.25, 0.59, 0.29, 0.65, 321.20, 13.44, 46.41
8.888, 15, 60.80, 852.25, 0.66, 0.29, 0.66, 321.20, 13.30, 46.41
8.918, 15, 62.20, 897.5, 0.64, 0.35, 0.66, 321.19, 13.24, 46.39
8.943, 15, 63.64, 950.0, 0.62, 0.25, 0.65, 321.20, 13.16, 46.48
8.969, 15, 65.06, 1008.5, 0.59, 0.24, 0.64, 321.20, 13.02, 46.66
8.995, 15, 66.38, 1075.25, 0.59, 0.27, 0.65, 321.18, 12.89, 46.80
9.021, 15, 120.62, 580.75, 0.57, 0.30, 0.64, 321.14, 12.80, 46.86
9.055, 15, 122.19, 558.5, 0.50, 0.25, 0.64, 321.14, 12.88, 46.76
9.088, 15, 123.72, 536.5, 0.59, 0.26, 0.65, 321.22, 12.98, 46.71
9.115, 15, 125.34, 517.25, 0.53, 0.35, 0.66, 321.28, 13.10, 46.62
9.142, 15, 127.06, 499.5, 0.57, 0.29, 0.65, 321.18, 13.28, 46.49
9.175, 15, 128.69, 482.75, 0.60, 0.30, 0.67, 321.21, 13.55, 46.26
9.208, 15, 130.08, 469.0, 0.57, 0.34, 0.65, 321.36, 13.73, 46.10
9.234, 15, 131.81, 454.5, 0.52, 0.33, 0.65, 321.33, 13.72, 46.11
9.268, 15, 133.25, 442.75, 0.58, 0.33, 0.67, 321.23, 13.68, 46.16
9.293, 11, 214.55, 291.25, 0.61, 0.27, 0.67, 321.22, 13.28, 46.35
9.327, 15, 213.48, 460.25, 0.57, 0.27, 0.64, 321.28, 12.62, 46.74
9.353, 8, 213.19, 1120.0, 0.53, 0.24, 0.64, 321.37, 11.96, 47.17
9.380, 0, 221.38, 0.0, 0.52, 0.21, 0.64, 321.42, 11.74, 47.44
9.422, 0, 222.86, 0.0, 0.43, 0.26, 0.67, 321.39, 12.27, 47.26
9.449, 0, 224.38, 0.0, 0.67, 0.27, 0.68, 321.46, 12.44, 47.16
9.482, 0, 225.88, 0.0, 0.65, 0.28, 0.68, 321.49, 12.22, 47.28
9.515, 0, 227.38, 0.0, 0.69, 0.26, 0.65, 321.46, 12.06, 47.41
9.542, 0, 228.86, 0.0, 0.43, 0.24, 0.65, 321.34, 12.04, 47.47
9.567, 9, 311.53, 368.75, 0.53, 0.28, 0.66, 321.19, 12.28, 47.36
9.600, 13, 313.02, 361.25, 0.66, 0.21, 0.65, 321.04, 12.39, 47.37
9.626, 15, 314.45, 346.5, 0.56, 0.22, 0.67, 320.87, 12.35, 47.47
9.652, 15, 315.95, 339.5, 0.57, 0.20, 0.66, 320.82, 12.29, 47.54
9.677, 15, 317.58, 327.75, 0.64, 0.25, 0.64, 320.92, 12.15, 47.57
9.703, 8, 319.42, 320.5, 0.51, 0.29, 0.65, 321.07, 11.81, 47.67
9.741, 15, 321.12, 313.0, 0.68, 0.25, 0.65, 321.18, 11.76, 47.62
9.771, 9, 323.00, 301.75, 0.49, 0.26, 0.65, 321.26, 11.77, 47.63
9.803, 15, 323.73, 303.25, 0.55, 0.25, 0.66, 321.31, 11.85, 47.67
9.832, 12, 8.69, 247.0, 0.62, 0.16, 0.65, 321.37, 12.08, 47.58
9.865, 11, 10.83, 245.75, 0.51, 0.25, 0.65, 321.33, 12.27, 47.49
9.891, 15, 12.61, 250.5, 0.57, 0.30, 0.65, 321.29, 12.45, 47.40
9.928, 15, 13.17, 253.25, 0.51, 0.20, 0.65, 321.30, 12.39, 47.49
9.956, 12, 15.17, 253.25, 0.61, 0.29, 0.65, 321.36, 12.21, 47.64
9.987, 15, 17.27, 257.25, 0.54, 0.29, 0.66, 321.44, 12.10, 47.77
10.019, 15, 17.94, 260.0, 0.51, 0.27, 0.66, 321.54, 12.29, 47.73
10.054, 15, 20.03, 261.5, 0.56, 0.30, 0.67, 321.62, 12.41, 47.60
10.084, 15, 20.59, 264.5, 0.59, 0.29, 0.66, 321.56, 12.50, 47.53
10.114, 15, 127.17, 498.75, 0.60, 0.32, 0.65, 321.39, 12.68, 47.40
10.151, 15, 128.84, 482.75, 0.62, 0.26, 0.67, 321.34, 12.80, 47.33
10.183, 15, 130.41, 468.25, 0.63, 0.34, 0.66, 321.43, 12.64, 47.42
10.211, 15, 132.16, 454.5, 0.64, 0.32, 0.66, 321.60, 12.63, 47.32
10.244, 15, 133.66, 443.0, 0.52, 0.35, 0.65, 321.56, 12.87, 47.10
10.271, 15, 135.00, 432.25, 0.56, 0.31, 0.65, 321.47, 13.50, 46.73
10.304, 15, 136.66, 424.75, 0.65, 0.35, 0.68, 321.48, 13.80, 46.58
10.340, 0, 142.77, 0.0, 0.62, 0.34, 0.66, 321.48, 13.79, 46.62
10.369, 15, 173.86, 314.75, 0.58, 0.35, 0.66, 321.48, 14.00, 46.46
10.407, 15, 174.88, 314.75, 0.53, 0.34, 0.65, 321.42, 14.30, 46.27
10.433, 15, 176.31, 314.25, 0.56, 0.36, 0.64, 321.35, 14.55, 46.16
10.463, 15, 177.91, 314.25, 0.56, 0.32, 0.67, 321.34, 14.70, 46.03
10.489, 15, 179.44, 314.25, 0.54, 0.29, 0.66, 321.38, 14.70, 45.95
10.518, 15, 180.83, 315.0, 0.62, 0.27, 0.64, 321.44, 14.61, 45.99
10.544, 15, 182.59, 315.25, 0.55, 0.31, 0.65, 321.44, 14.63, 46.00
10.569, 15, 183.77, 316.25, 0.47, 0.32, 0.65, 321.39, 14.60, 45.99
10.602, 15, 185.78, 317.0, 0.52, 0.34, 0.65, 321.32, 14.59, 45.92
10.630, 0, 236.34, 0.0, 0.48, 0.38, 0.65, 321.44, 14.83, 45.69
10.664, 0, 237.84, 0.0, 0.50, 0.30, 0.63, 321.47, 14.76, 45.75
10.694, 0, 239.34, 0.0, 0.57, 0.34, 0.65, 321.43, 14.54, 45.95
10.720, 0, 240.84, 0.0, 0.52, 0.35, 0.65, 321.57, 14.50, 45.93
10.747, 0, 242.34, 0.0, 0.48, 0.33, 0.63, 321.85, 14.77, 45.77
10.782, 0, 243.84, 0.0, 0.49, 0.35, 0.64, 322.03, 15.06, 45.67
10.808, 0, 245.36, 0.0, 0.51, 0.37, 0.67, 322.22, 15.37, 45.50
10.835, 0, 246.84, 0.0, 0.49, 0.38, 0.67, 322.46, 15.42, 45.34
10.868, 0, 248.34, 0.0, 0.59, 0.41, 0.67, 322.65, 15.30, 45.38
10.894, 15, 304.36, 594.25, 0.51, 0.42, 0.67, 322.81, 15.46, 45.39
10.925, 11, 307.59, 361.25, 0.43, 0.36, 0.66, 322.72, 15.69, 45.38
10.952, 8, 309.28, 353.75, 0.56, 0.36, 0.68, 322.50, 15.80, 45.25
10.986, 15, 310.97, 342.25, 0.50, 0.36, 0.66, 322.56, 15.94, 45.06
11.020, 13, 312.30, 323.25, 0.47, 0.45, 0.64, 322.64, 15.98, 44.99
11.055, 0, 317.28, 0.0, 0.44, 0.43, 0.65, 322.49, 15.98, 44.96
11.089, 15, 315.56, 306.75, 0.53, 0.47, 0.67, 322.45, 16.09, 44.81
11.124, 11, 317.48, 301.5, 0.47, 0.46, 0.65, 322.60, 16.19, 44.56
11.158, 15, 356.70, 235.25, 0.44, 0.48, 0.63, 322.61, 16.24, 44.49
11.185, 15, 357.02, 235.0, 0.55, 0.53, 0.66, 322.54, 16.30, 44.47
11.216, 15, 359.69, 234.5, 0.51, 0.42, 0.66, 322.50, 16.29, 44.54
11.243, 15, 359.56, 235.75, 0.48, 0.41, 0.64, 322.39, 16.08, 44.75
11.277, 15, 2.67, 236.75, 0.45, 0.33, 0.64, 322.37, 15.78, 44.98
11.312, 15, 4.16, 237.25, 0.44, 0.43, 0.64, 322.40, 15.64, 45.10
11.339, 15, 4.19, 238.75, 0.45, 0.44, 0.64, 322.53, 15.67, 45.12
11.370, 15, 5.73, 240.75, 0.59, 0.46, 0.64, 322.62, 15.83, 45.08
11.398, 15, 6.75, 244.25, 0.49, 0.44, 0.67, 322.62, 15.91, 45.11
11.429, 15, 89.56, 1000.75, 0.42, 0.43, 0.66, 322.54, 15.81, 45.20
11.456, 15, 91.16, 1005.75, 0.55, 0.37, 0.66, 322.42, 15.43, 45.51
11.490, 15, 92.61, 1011.25, 0.48, 0.48, 0.64, 322.46, 15.08, 45.88
11.524, 15, 94.09, 1015.5, 0.39, 0.35, 0.65, 322.43, 14.99, 46.08
11.558, 15, 95.55, 1022.0, 0.45, 0.45, 0.67, 322.42, 15.16, 45.97
11.593, 15, 97.05, 1025.0, 0.43, 0.40, 0.66, 322.49, 15.32, 45.85
11.627, 15, 98.50, 1034.5, 0.44, 0.42, 0.65, 322.46, 15.25, 45.83
11.661, 15, 100.00, 1042.5, 0.50, 0.35, 0.65, 322.31, 15.20, 45.85
11.696, 15, 160.59, 328.5, 0.44, 0.37, 0.66, 322.23, 15.16, 45.85
11.727, 15, 162.27, 326.75, 0.42, 0.47, 0.64, 322.34, 15.03, 45.88
11.767, 15, 163.70, 325.0, 0.45, 0.45, 0.66, 322.40, 15.00, 45.89
11.797, 15, 165.77, 323.5, 0.49, 0.50, 0.66, 322.41, 15.01, 45.87
11.824, 15, 167.23, 321.75, 0.33, 0.46, 0.66, 322.40, 14.94, 45.91
11.851, 15, 168.70, 320.25, 0.45, 0.46, 0.66, 322.51, 14.84, 45.93
11.882, 15, 169.59, 319.75, 0.50, 0.46, 0.65, 322.58, 14.78, 45.97
11.909, 15, 171.36, 319.25, 0.49, 0.42, 0.68, 322.56, 14.96, 45.85
11.945, 15, 172.92, 318.75, 0.47, 0.51, 0.64, 322.58, 15.20, 45.64
11.976, 15, 285.75, 963.0, 0.52, 0.48, 0.66, 322.54, 15.17, 45.69
12.003, 15, 287.39, 903.0, 0.46, 0.47, 0.67, 322.34, 14.82, 46.04
12.037, 15, 288.84, 847.0, 0.50, 0.35, 0.66, 322.23, 14.58, 46.23
12.071, 15, 290.59, 798.75, 0.42, 0.35, 0.65, 322.11, 14.34, 46.40
12.106, 15, 292.11, 759.75, 0.48, 0.47, 0.66, 322.06, 14.25, 46.50
12.133, 15, 293.72, 724.5, 0.59, 0.43, 0.66, 322.03, 14.26, 46.50
12.163, 15, 295.16, 694.0, 0.45, 0.52, 0.66, 321.96, 14.28, 46.49
12.190, 15, 296.91, 662.5, 0.57, 0.43, 0.66, 321.94, 14.49, 46.37
12.224, 15, 298.33, 637.0, 0.47, 0.47, 0.66, 321.94, 14.61, 46.31
12.259, 15, 39.73, 540.5, 0.37, 0.51, 0.66, 321.73, 14.58, 46.39
12.294, 15, 41.31, 553.5, 0.49, 0.43, 0.67, 321.57, 14.53, 46.44
12.325, 15, 42.72, 572.0, 0.47, 0.43, 0.65, 321.51, 14.41, 46.50
12.353, 15, 44.02, 586.75, 0.45, 0.47, 0.64, 321.39, 14.17, 46.66
12.389, 15, 45.52, 603.75, 0.47, 0.47, 0.64, 321.25, 14.25, 46.60
12.419, 15, 46.98, 624.5, 0.43, 0.49, 0.66, 321.12, 14.27, 46.63
12.444, 15, 48.41, 646.0, 0.44, 0.47, 0.67, 321.11, 14.17, 46.71
12.470, 15, 49.78, 674.0, 0.48, 0.49, 0.65, 321.11, 13.99, 46.80
12.498, 15, 51.30, 701.25, 0.50, 0.47, 0.65, 321.05, 13.73, 46.95
12.531, 15, 133.66, 422.25, 0.54, 0.46, 0.65, 321.08, 13.80, 46.89
12.563, 15, 135.09, 404.25, 0.55, 0.43, 0.65, 321.14, 13.94, 46.85
12.591, 0, 141.12, 0.0, 0.49, 0.41, 0.65, 321.00, 13.76, 47.14
12.625, 0, 142.62, 0.0, 0.53, 0.38, 0.66, 320.81, 13.59, 47.23
12.658, 0, 144.11, 0.0, 0.48, 0.38, 0.65, 320.79, 13.50, 47.27
12.684, 15, 141.55, 379.5, 0.53, 0.39, 0.63, 320.75, 13.53, 47.25
12.711, 0, 147.09, 0.0, 0.52, 0.40, 0.66, 320.68, 13.52, 47.26
12.745, 15, 144.91, 367.0, 0.54, 0.47, 0.65, 320.71, 13.37, 47.26
12.779, 15, 146.30, 361.75, 0.45, 0.39, 0.64, 320.75, 13.31, 47.24
12.813, 15, 253.05, 1328.5, 0.48, 0.50, 0.65, 320.81, 13.41, 47.16
12.845, 15, 254.53, 1324.0, 0.47, 0.47, 0.66, 320.85, 13.43, 47.13
12.872, 15, 256.03, 1325.5, 0.48, 0.45, 0.66, 320.87, 13.43, 47.06
12.900, 15, 257.39, 1546.25, 0.57, 0.41, 0.66, 320.88, 13.42, 47.03
12.927, 15, 258.94, 1545.25, 0.59, 0.42, 0.66, 320.90, 13.33, 47.07
12.956, 15, 260.41, 1538.5, 0.49, 0.53, 0.65, 320.89, 13.23, 47.18
12.983, 15, 261.92, 1542.0, 0.57, 0.47, 0.64, 320.78, 13.24, 47.18
13.009, 15, 263.42, 1536.75, 0.40, 0.46, 0.66, 320.76, 13.37, 47.10
13.044, 15, 264.94, 1534.5, 0.47, 0.43, 0.64, 320.73, 13.54, 46.95
13.077, 14, 333.19, 237.75, 0.51, 0.43, 0.64, 320.48, 13.27, 47.24
13.112, 15, 335.27, 237.0, 0.51, 0.46, 0.66, 320.46, 13.05, 47.40
13.144, 15, 335.75, 238.0, 0.43, 0.52, 0.64, 320.59, 12.98, 47.44
13.171, 7, 338.50, 230.25, 0.46, 0.44, 0.65, 320.67, 12.89, 47.47
13.197, 13, 339.20, 228.75, 0.43, 0.50, 0.66, 320.78, 12.79, 47.55
13.231, 14, 340.69, 230.0, 0.53, 0.46, 0.67, 320.78, 12.79, 47.56
13.266, 15, 341.88, 231.5, 0.55, 0.48, 0.65, 320.62, 12.58, 47.84
13.301, 11, 342.80, 231.0, 0.50, 0.43, 0.66, 320.63, 12.32, 48.08
13.330, 0, 18.97, 0.0, 0.40, 0.50, 0.65, 320.72, 12.20, 48.15
13.362, 13, 19.39, 247.5, 0.42, 0.44, 0.65, 320.73, 12.29, 48.08
13.394, 13, 21.38, 253.75, 0.55, 0.48, 0.67, 320.77, 12.55, 47.92
13.422, 0, 23.44, 0.0, 0.41, 0.61, 0.65, 320.73, 12.67, 47.87
13.455, 11, 22.38, 259.0, 0.56, 0.49, 0.66, 320.59, 12.62, 47.90
13.488, 9, 25.62, 257.25, 0.51, 0.51, 0.64, 320.47, 12.67, 47.96
13.522, 11, 25.91, 267.0, 0.45, 0.49, 0.65, 320.45, 12.66, 48.09
13.556, 8, 26.78, 274.25, 0.48, 0.50, 0.65, 320.56, 12.66, 48.21
13.590, 15, 56.64, 848.25, 0.44, 0.44, 0.65, 320.49, 12.71, 48.29
13.616, 15, 58.05, 894.25, 0.49, 0.54, 0.66, 320.36, 12.72, 48.36
13.653, 15, 59.36, 946.75, 0.42, 0.47, 0.66, 320.34, 12.59, 48.48
13.682, 15, 60.91, 1012.0, 0.46, 0.50, 0.66, 320.43, 12.40, 48.61
13.712, 15, 62.25, 1084.75, 0.37, 0.53, 0.65, 320.45, 12.24, 48.66
13.746, 15, 63.83, 1056.0, 0.50, 0.49, 0.66, 320.38, 12.25, 48.62
13.781, 15, 65.28, 1046.25, 0.52, 0.50, 0.65, 320.42, 12.32, 48.58
13.816, 15, 66.77, 1034.5, 0.38, 0.47, 0.65, 320.34, 12.19, 48.71
13.848, 15, 107.12, 793.0, 0.47, 0.52, 0.66, 320.26, 12.03, 48.80
13.875, 15, 108.56, 748.75, 0.45, 0.48, 0.64, 320.22, 11.81, 48.98
13.907, 15, 110.31, 707.75, 0.48, 0.49, 0.66, 320.25, 11.42, 49.26
13.943, 15, 111.83, 673.75, 0.55, 0.47, 0.65, 320.30, 11.07, 49.54
13.974, 15, 113.41, 641.25, 0.42, 0.50, 0.66, 320.30, 11.13, 49.58
14.010, 15, 115.16, 613.25, 0.43, 0.46, 0.65, 320.28, 11.31, 49.49
14.036, 15, 116.75, 587.75, 0.49, 0.50, 0.67, 320.24, 11.38, 49.50
14.062, 15, 118.25, 565.0, 0.68, 0.47, 0.68, 320.22, 11.43, 49.53
14.089, 15, 119.94, 545.0, 0.44, 0.45, 0.67, 320.17, 11.34, 49.67
14.119, 11, 214.44, 0.0, 0.53, 0.51, 0.66, 320.09, 11.30, 49.63
14.153, 0, 215.92, 0.0, 0.58, 0.48, 0.65, 320.07, 11.27, 49.64
14.179, 0, 217.42, 0.0, 0.52, 0.49, 0.64, 319.97, 11.17, 49.80
14.214, 0, 218.92, 0.0, 0.48, 0.53, 0.65, 319.93, 11.14, 49.83
14.249, 0, 220.41, 0.0, 0.52, 0.49, 0.64, 319.92, 10.97, 50.00
14.279, 0, 221.91, 0.0, 0.41, 0.50, 0.64, 319.88, 10.54, 50.46
14.311, 0, 223.41, 0.0, 0.35, 0.46, 0.65, 319.81, 9.99, 50.91
14.346, 0, 224.91, 0.0, 0.51, 0.48, 0.65, 319.82, 9.65, 51.20
14.378, 15, 253.22, 1326.5, 0.41, 0.46, 0.64, 319.84, 9.68, 51.26
14.406, 15, 254.75, 1318.5, 0.45, 0.44, 0.66, 319.75, 9.61, 51.41
14.435, 15, 256.31, 1312.5, 0.53, 0.44, 0.64, 319.70, 9.58, 51.45
14.469, 15, 257.66, 1531.0, 0.51, 0.46, 0.65, 319.70, 9.68, 51.47
14.505, 15, 259.16, 1532.75, 0.49, 0.35, 0.64, 319.75, 9.78, 51.52
14.541, 15, 260.66, 1531.0, 0.57, 0.45, 0.66, 319.69, 9.89, 51.50
14.571, 15, 262.17, 1531.0, 0.45, 0.53, 0.66, 319.70, 10.00, 51.50
14.607, 15, 263.62, 1529.0, 0.41, 0.46, 0.65, 319.75, 10.06, 51.54
14.636, 10, 315.19, 283.25, 0.51, 0.48, 0.65, 319.87, 10.03, 51.63
14.667, 10, 316.27, 267.25, 0.43, 0.52, 0.66, 319.98, 10.04, 51.62
14.701, 15, 319.11, 266.25, 0.42, 0.52, 0.66, 319.89, 9.97, 51.76
14.735, 12, 320.86, 261.75, 0.45, 0.49, 0.67, 319.76, 9.89, 51.87
14.769, 7, 321.11, 253.0, 0.46, 0.56, 0.65, 319.82, 9.65, 51.96
14.804, 12, 323.44, 252.0, 0.44, 0.51, 0.64, 319.82, 9.59, 51.94
14.839, 12, 325.03, 250.75, 0.40, 0.56, 0.66, 319.89, 9.66, 51.83
14.866, 0, 328.00, 0.0, 0.47, 0.49, 0.66, 320.08, 9.70, 51.74
14.897, 11, 13.75, 236.75, 0.39, 0.35, 0.65, 320.30, 9.35, 51.94
14.932, 10, 15.14, 238.75, 0.30, 0.50, 0.65, 320.28, 9.16, 51.98
14.966, 10, 16.36, 241.75, 0.42, 0.60, 0.66, 320.23, 9.43, 51.81
15.002, 10, 18.34, 245.25, 0.52, 0.50, 0.67, 320.22, 9.49, 51.85
15.033, 12, 19.41, 247.0, 0.36, 0.57, 0.66, 320.11, 9.03, 52.19
15.067, 11, 22.22, 254.25, 0.52, 0.40, 0.64, 319.95, 8.82, 52.42
15.099, 10, 22.14, 255.75, 0.35, 0.49, 0.66, 319.90, 8.66, 52.60
15.127, 9, 23.88, 265.0, 0.47, 0.47, 0.65, 319.94, 8.43, 52.69
15.162, 15, 71.88, 1015.0, 0.45, 0.47, 0.65, 319.91, 8.54, 52.53
15.199, 15, 73.45, 1010.25, 0.38, 0.51, 0.66, 319.83, 8.79, 52.37
15.232, 15, 74.86, 1007.25, 0.42, 0.54, 0.67, 319.83, 8.80, 52.36
15.259, 15, 76.48, 1002.0, 0.37, 0.52, 0.66, 319.82, 8.57, 52.52
15.289, 15, 77.88, 1000.5, 0.45, 0.49, 0.66, 319.64, 8.43, 52.63
15.324, 15, 79.47, 997.75, 0.52, 0.53, 0.67, 319.51, 8.34, 52.62
15.352, 15, 80.97, 997.75, 0.49, 0.51, 0.65, 319.47, 8.27, 52.61
15.384, 15, 82.48, 997.25, 0.47, 0.53, 0.65, 319.36, 8.11, 52.71
15.411, 15, 114.80, 622.5, 0.47, 0.50, 0.66, 319.28, 7.97, 52.74
15.445, 0, 121.97, 0.0, 0.46, 0.48, 0.64, 319.32, 7.76, 52.84
15.477, 0, 123.45, 0.0, 0.44, 0.48, 0.64, 319.48, 7.60, 52.97
15.514, 11, 119.50, 552.0, 0.45, 0.54, 0.64, 319.56, 7.80, 52.91
15.546, 15, 121.22, 527.25, 0.58, 0.48, 0.64, 319.53, 7.97, 52.88
15.574, 15, 122.77, 510.25, 0.46, 0.52, 0.65, 319.55, 7.94, 53.03
15.606, 15, 124.25, 494.75, 0.50, 0.51, 0.66, 319.66, 7.75, 53.31
15.637, 15, 125.97, 479.0, 0.37, 0.57, 0.64, 319.57, 7.53, 53.59
15.668, 15, 155.53, 344.5, 0.38, 0.47, 0.66, 319.45, 7.46, 53.69
15.699, 15, 157.20, 341.25, 0.58, 0.51, 0.67, 319.44, 7.46, 53.64
15.727, 15, 159.03, 338.75, 0.45, 0.39, 0.65, 319.46, 7.31, 53.65
15.760, 15, 160.23, 336.0, 0.39, 0.49, 0.64, 319.34, 7.17, 53.73
15.788, 15, 161.45, 334.75, 0.42, 0.51, 0.66, 319.24, 7.25, 53.57
15.818, 15, 163.52, 332.25, 0.44, 0.49, 0.65, 319.25, 7.45, 53.41
15.855, 15, 164.66, 331.75, 0.43, 0.56, 0.64, 319.29, 7.64, 53.31
15.888, 15, 166.36, 330.25, 0.39, 0.50, 0.68, 319.27, 7.66, 53.29
15.922, 15, 167.56, 329.25, 0.54, 0.53, 0.66, 319.35, 7.57, 53.25
15.955, 15, 285.44, 907.0, 0.50, 0.51, 0.65, 319.37, 7.53, 53.24
15.981, 15, 286.98, 853.25, 0.40, 0.55, 0.65, 319.27, 7.49, 53.31
16.014, 15, 288.64, 805.25, 0.53, 0.50, 0.66, 319.23, 7.58, 53.29
16.040, 15, 290.23, 762.5, 0.44, 0.49, 0.66, 319.24, 7.69, 53.31
16.066, 15, 291.72, 728.75, 0.45, 0.47, 0.66, 319.34, 7.56, 53.45
16.102, 15, 293.45, 697.25, 0.47, 0.50, 0.66, 319.43, 7.28, 53.57
16.129, 15, 295.00, 665.75, 0.41, 0.52, 0.65, 319.41, 6.99, 53.68
16.155, 15, 296.53, 635.5, 0.36, 0.55, 0.65, 319.32, 7.06, 53.64
16.185, 15, 298.25, 613.75, 0.43, 0.52, 0.66, 319.28, 7.32, 53.53
16.211, 15, 357.78, 362.0, 0.37, 0.48, 0.66, 319.30, 7.31, 53.57
16.239, 8, 1.31, 235.5, 0.37, 0.52, 0.63, 319.16, 7.08, 53.80
16.271, 8, 3.36, 230.0, 0.41, 0.47, 0.65, 318.96, 6.89, 54.00
16.305, 9, 5.64, 226.0, 0.54, 0.57, 0.65, 318.95, 6.59, 54.11
16.335, 11, 6.12, 225.25, 0.44, 0.47, 0.67, 319.01, 6.31, 54.28
16.364, 11, 7.05, 227.25, 0.40, 0.63, 0.67, 319.09, 6.29, 54.26
16.390, 12, 9.23, 227.0, 0.44, 0.59, 0.66, 319.20, 6.38, 54.07
16.416, 10, 10.02, 228.25, 0.47, 0.49, 0.65, 319.22, 6.44, 53.92
16.442, 13, 11.69, 230.5, 0.37, 0.55, 0.65, 319.17, 6.40, 53.98
16.469, 15, 44.59, 586.75, 0.44, 0.53, 0.68, 319.16, 6.05, 54.16
16.505, 15, 45.92, 605.5, 0.42, 0.56, 0.65, 319.12, 5.75, 54.34
16.535, 15, 47.34, 628.5, 0.51, 0.42, 0.63, 318.94, 5.55, 54.65
16.563, 15, 48.72, 651.75, 0.42, 0.43, 0.66, 318.80, 5.25, 55.07
16.596, 15, 50.06, 680.5, 0.41, 0.49, 0.64, 318.71, 5.14, 55.18
16.629, 15, 51.66, 708.75, 0.32, 0.41, 0.65, 318.55, 5.12, 55.23
16.655, 15, 53.03, 741.5, 0.54, 0.51, 0.65, 318.43, 5.27, 55.12
16.680, 15, 54.34, 775.0, 0.47, 0.44, 0.66, 318.46, 5.45, 55.04
16.706, 15, 55.83, 813.0, 0.59, 0.49, 0.67, 318.52, 5.31, 55.21
16.732, 15, 113.38, 654.75, 0.63, 0.51, 0.66, 318.60, 4.94, 55.47
16.761, 15, 114.94, 626.25, 0.33, 0.49, 0.65, 318.59, 4.69, 55.67
16.787, 15, 116.61, 599.75, 0.46, 0.47, 0.65, 318.57, 4.65, 55.74
16.817, 15, 118.23, 576.5, 0.44, 0.52, 0.66, 318.61, 4.72, 55.76
16.851, 15, 119.80, 556.75, 0.50, 0.44, 0.65, 318.54, 4.72, 55.79
16.877, 15, 121.28, 538.75, 0.30, 0.47, 0.67, 318.46, 4.69, 55.86
16.904, 15, 122.97, 516.75, 0.59, 0.53, 0.66, 318.56, 4.87, 55.72
16.938, 15, 124.36, 503.75, 0.42, 0.48, 0.65, 318.57, 4.80, 55.87
16.975, 15, 126.00, 489.0, 0.43, 0.50, 0.67, 318.52, 4.60, 56.05
17.006, 15, 193.56, 361.75, 0.44, 0.52, 0.66, 318.56, 4.80, 55.81
17.043, 15, 195.27, 365.0, 0.36, 0.49, 0.64, 318.40, 4.80, 55.86
17.074, 15, 196.83, 368.75, 0.51, 0.55, 0.68, 318.32, 4.69, 55.95
17.108, 15, 198.30, 373.0, 0.48, 0.50, 0.65, 318.23, 4.61, 55.94
17.136, 15, 199.34, 378.0, 0.53, 0.56, 0.66, 318.16, 4.72, 55.84
17.170, 15, 200.75, 382.75, 0.54, 0.56, 0.66, 318.18, 4.87, 55.76
17.197, 15, 202.42, 388.75, 0.42, 0.52, 0.67, 318.09, 4.73, 55.95
17.226, 0, 208.08, 0.0, 0.43, 0.55, 0.65, 317.96, 4.61, 56.14
17.253, 13, 207.28, 270.0, 0.47, 0.46, 0.66, 317.95, 4.69, 56.16
17.280, 8, 309.14, 303.75, 0.34, 0.51, 0.65, 318.03, 4.88, 56.17
17.314, 8, 311.50, 292.25, 0.51, 0.52, 0.65, 317.94, 4.92, 56.16
17.348, 0, 315.31, 0.0, 0.41, 0.49, 0.64, 317.78, 4.76, 56.29
17.383, 7, 314.22, 281.0, 0.43, 0.54, 0.64, 317.71, 4.62, 56.43
17.417, 7, 315.58, 265.25, 0.45, 0.48, 0.65, 317.68, 4.53, 56.51
17.451, 9, 317.06, 264.25, 0.56, 0.57, 0.65, 317.65, 4.72, 56.35
17.486, 11, 320.06, 261.75, 0.39, 0.45, 0.65, 317.59, 4.69, 56.35
17.515, 11, 320.69, 260.0, 0.25, 0.47, 0.64, 317.49, 4.14, 56.72
17.546, 15, 8.50, 379.75, 0.50, 0.61, 0.64, 317.50, 3.99, 56.75
17.574, 15, 9.75, 384.25, 0.56, 0.50, 0.66, 317.54, 4.28, 56.45
17.604, 15, 11.19, 385.0, 0.31, 0.62, 0.67, 317.63, 4.46, 56.22
17.639, 15, 12.77, 389.5, 0.68, 0.66, 0.66, 317.73, 4.83, 55.94
17.673, 15, 14.33, 393.25, 0.40, 0.55, 0.67, 317.59, 4.55, 56.22
17.707, 15, 15.50, 399.25, 0.44, 0.54, 0.62, 317.41, 3.95, 56.54
17.742, 15, 16.92, 402.75, 0.46, 0.57, 0.63, 317.22, 3.84, 56.57
17.769, 15, 18.70, 408.5, 0.47, 0.54, 0.66, 317.24, 4.09, 56.40
17.800, 10, 52.02, 538.25, 0.32, 0.55, 0.63, 317.28, 3.99, 56.47
17.835, 11, 53.58, 545.25, 0.42, 0.60, 0.64, 317.17, 3.78, 56.57
17.870, 12, 54.91, 557.25, 0.68, 0.56, 0.66, 317.33, 3.87, 56.58
17.902, 11, 56.47, 564.5, 0.40, 0.53, 0.66, 317.41, 3.70, 56.88
17.930, 12, 58.00, 581.75, 0.40, 0.57, 0.66, 317.28, 3.37, 57.06
17.963, 14, 59.42, 593.5, 0.58, 0.51, 0.65, 317.09, 3.41, 56.97
17.997, 15, 60.78, 622.5, 0.45, 0.50, 0.66, 317.01, 3.35, 57.03
18.032, 15, 62.11, 662.75, 0.61, 0.51, 0.64, 316.92, 3.05, 57.22
18.065, 15, 114.27, 614.5, 0.32, 0.51, 0.64, 316.61, 2.75, 57.38
18.098, 15, 116.05, 587.5, 0.52, 0.56, 0.63, 316.36, 2.63, 57.41
18.124, 15, 117.58, 566.0, 0.75, 0.55, 0.65, 316.30, 2.66, 57.37
18.151, 15, 119.12, 546.0, 0.55, 0.51, 0.65, 316.50, 2.81, 57.29
18.183, 15, 120.66, 526.5, 0.49, 0.58, 0.65, 316.62, 2.77, 57.36
18.211, 13, 123.12, 399.25, 0.64, 0.51, 0.66, 316.71, 2.66, 57.51
18.238, 15, 123.94, 492.5, 0.47, 0.48, 0.67, 316.83, 2.48, 57.67
18.264, 15, 125.47, 479.75, 0.39, 0.51, 0.65, 316.77, 2.16, 57.86
18.292, 15, 126.86, 467.5, 0.55, 0.57, 0.66, 316.64, 2.03, 57.89
18.322, 15, 173.78, 327.0, 0.62, 0.52, 0.66, 316.59, 2.16, 57.84
18.356, 15, 175.59, 327.5, 0.46, 0.46, 0.64, 316.53, 1.90, 58.18
18.391, 15, 176.56, 328.25, 0.41, 0.55, 0.65, 316.42, 1.58, 58.46
18.425, 15, 178.09, 328.75, 0.39, 0.33, 0.64, 316.26, 1.29, 58.61
18.459, 15, 179.50, 330.0, 0.51, 0.49, 0.65, 316.11, 1.10, 58.67
18.494, 15, 181.47, 331.0, 0.60, 0.51, 0.65, 316.17, 1.07, 58.66
18.520, 15, 182.97, 332.5, 0.46, 0.47, 0.66, 316.18, 0.84, 58.87
18.555, 15, 184.48, 334.0, 0.60, 0.48, 0.65, 316.11, 0.65, 59.00
18.586, 0, 243.44, 0.0, 0.54, 0.49, 0.66, 316.02, 0.48, 59.12
18.615, 0, 244.94, 0.0, 0.64, 0.54, 0.64, 316.06, 0.45, 59.15
18.646, 0, 246.44, 0.0, 0.38, 0.49, 0.64, 315.98, 0.28, 59.35
18.680, 0, 247.94, 0.0, 0.58, 0.52, 0.66, 315.94, 0.60, 59.08
18.716, 0, 249.44, 0.0, 0.46, 0.57, 0.63, 315.96, 0.76, 58.94
18.743, 0, 250.94, 0.0, 0.49, 0.48, 0.65, 315.91, 0.58, 59.13
18.773, 0, 252.44, 0.0, 0.54, 0.50, 0.65, 315.87, 0.37, 59.38
18.799, 0, 253.94, 0.0, 0.51, 0.45, 0.65, 315.80, 0.08, 59.65
18.835, 11, 248.48, 1340.75, 0.51, 0.31, 0.65, 315.83, 359.95, 59.69
18.869, 12, 359.69, 0.0, 0.35, 0.52, 0.65, 315.92, 359.93, 59.65
18.898, 9, 1.17, 0.0, 0.42, 0.38, 0.62, 315.83, 359.72, 59.75
18.929, 12, 358.42, 374.0, 0.44, 0.52, 0.65, 315.71, 359.51, 59.92
18.956, 12, 0.12, 373.0, 0.66, 0.51, 0.64, 315.84, 359.39, 60.05
18.987, 11, 1.64, 376.0, 0.59, 0.56, 0.65, 316.08, 359.45, 60.05
19.014, 0, 6.98, 0.0, 0.54, 0.31, 0.67, 316.18, 359.66, 59.95
19.048, 10, 4.27, 377.5, 0.48, 0.48, 0.66, 316.03, 359.53, 60.05
19.082, 9, 5.84, 381.75, 0.58, 0.58, 0.64, 315.85, 359.36, 60.17
19.117, 10, 7.52, 384.25, 0.57, 0.48, 0.64, 315.68, 359.18, 60.39
19.144, 15, 117.53, 571.5, 0.61, 0.58, 0.66, 315.58, 359.11, 60.55
19.178, 15, 119.17, 549.75, 0.61, 0.48, 0.67, 315.56, 359.16, 60.55
19.209, 15, 120.86, 530.75, 0.47, 0.48, 0.64, 315.48, 358.94, 60.76
19.236, 15, 123.41, 395.75, 0.52, 0.52, 0.65, 315.30, 358.43, 61.18
19.269, 0, 129.08, 0.0, 0.50, 0.46, 0.64, 315.26, 358.07, 61.42
19.304, 15, 130.58, 0.0, 0.45, 0.50, 0.63, 315.37, 357.89, 61.55
19.337, 15, 127.11, 469.25, 0.42, 0.56, 0.64, 315.52, 358.12, 61.39
19.363, 15, 128.88, 457.25, 0.63, 0.58, 0.68, 315.64, 358.37, 61.27
19.400, 15, 130.22, 445.0, 0.38, 0.38, 0.66, 315.71, 358.04, 61.67
19.431, 0, 248.45, 0.0, 0.52, 0.41, 0.65, 315.68, 357.56, 62.03
19.457, 0, 249.95, 0.0, 0.51, 0.41, 0.65, 315.69, 357.28, 62.13
19.495, 0, 251.45, 0.0, 0.53, 0.43, 0.64, 315.74, 357.47, 61.90
19.525, 0, 252.95, 0.0, 0.41, 0.53, 0.65, 315.81, 357.84, 61.62
19.552, 0, 254.45, 0.0, 0.58, 0.46, 0.66, 315.90, 358.09, 61.45
19.587, 10, 249.05, 1348.75, 0.50, 0.49, 0.66, 315.92, 357.91, 61.59
19.617, 13, 250.55, 1324.75, 0.63, 0.59, 0.68, 315.85, 357.82, 61.63
19.647, 15, 251.95, 1327.0, 0.58, 0.44, 0.65, 315.80, 357.86, 61.61
19.677, 15, 253.48, 1315.5, 0.45, 0.48, 0.68, 315.77, 357.85, 61.69
19.704, 8, 355.98, 361.5, 0.30, 0.46, 0.66, 315.82, 357.69, 61.75
19.732, 0, 1.09, 0.0, 0.25, 0.51, 0.59, 315.63, 357.39, 61.91
19.759, 0, 2.58, 0.0, 0.53, 0.49, 0.65, 315.40, 357.17, 62.06
19.790, 8, 0.41, 370.0, 0.57, 0.49, 0.65, 315.57, 357.09, 62.02
19.818, 0, 5.58, 0.0, 0.48, 0.48, 0.63, 315.69, 357.11, 62.03
19.843, 0, 7.06, 0.0, 0.36, 0.45, 0.64, 315.64, 357.13, 62.12
19.869, 0, 8.55, 0.0, 0.46, 0.41, 0.64, 315.46, 356.80, 62.29
19.895, 0, 10.03, 0.0, 0.34, 0.50, 0.64, 315.39, 356.51, 62.43
19.923, 9, 7.41, 379.25, 0.56, 0.54, 0.63, 315.53, 356.55, 62.24
19.955, 0, 13.02, 0.0, 0.43, 0.51, 0.64, 315.72, 356.75, 62.12
19.988, 15, 101.80, 1035.75, 0.52, 0.44, 0.67, 315.70, 356.60, 62.25
