Regular Timestamp,Timestamp (Number),Distance (cm)
17:25:36.394,62736.395049,38.24
17:25:36.417,62736.417543,37.79
17:25:36.425,62736.425704,37.87
17:25:36.432,62736.432619,38.26
17:25:36.439,62736.439337,38.3
17:25:36.446,62736.446377,38.27
17:25:36.454,62736.454636,38.23
17:25:36.462,62736.462238,38.23
17:25:36.469,62736.469634,37.83
17:25:36.476,62736.477172,37.87
17:25:36.484,62736.484228,37.83
17:25:36.492,62736.492445,37.87
17:25:36.499,62736.499751,38.26
17:25:36.506,62736.50703,38.23
17:25:36.513,62736.513826,38.22
17:25:36.520,62736.52055,37.87
17:25:36.527,62736.527413,38.28
17:25:36.534,62736.534421,38.28
17:25:36.541,62736.541386,38.27
17:25:36.548,62736.548301,37.34
17:25:36.553,62736.554073,37.85
17:25:36.559,62736.559979,37.86
17:25:36.565,62736.566118,37.85
17:25:36.572,62736.572435,37.84
17:25:36.578,62736.578561,38.27
17:25:36.584,62736.58496,40.38
17:25:36.590,62736.590805,38.27
17:25:36.597,62736.597509,38.23
17:25:36.605,62736.605348,37.87
17:25:36.611,62736.612077,38.28
17:25:36.619,62736.619965,38.27
17:25:36.626,62736.626724,37.85
17:25:36.633,62736.633959,37.83
17:25:36.641,62736.641303,38.28
17:25:36.647,62736.64811,38.25
17:25:36.654,62736.654452,39.58
17:25:36.660,62736.660609,38.26
17:25:36.667,62736.667198,37.86
17:25:36.674,62736.675074,37.82
17:25:36.681,62736.682157,38.23
17:25:36.689,62736.689768,38.26
17:25:36.696,62736.696719,37.83
17:25:36.703,62736.703957,38.24
17:25:36.711,62736.711201,38.26
17:25:36.718,62736.718293,37.8
17:25:36.724,62736.724339,37.86
17:25:36.731,62736.731455,38.27
17:25:36.738,62736.738309,37.84
17:25:36.745,62736.745326,37.83
17:25:36.751,62736.752104,37.79
17:25:36.758,62736.758844,37.83
17:25:36.765,62736.76604,37.82
17:25:36.773,62736.773561,38.24
17:25:36.780,62736.780381,38.26
17:25:36.787,62736.787219,37.81
17:25:36.794,62736.794818,39.55
17:25:36.801,62736.801831,37.83
17:25:36.809,62736.809542,37.88
17:25:36.816,62736.816695,37.81
17:25:36.823,62736.824033,38.25
17:25:36.831,62736.831138,37.84
17:25:36.837,62736.837809,38.22
17:25:36.843,62736.843497,37.86
17:25:36.849,62736.849272,37.83
17:25:36.855,62736.85516,39.54
17:25:36.861,62736.861209,37.79
17:25:36.867,62736.867744,38.28
17:25:36.873,62736.873844,38.25
17:25:36.879,62736.879677,38.25
17:25:36.885,62736.885365,37.86
17:25:36.891,62736.891193,37.83
17:25:36.897,62736.897823,37.36
17:25:36.904,62736.904608,38.23
17:25:36.910,62736.910824,38.25
17:25:36.918,62736.918183,38.29
17:25:36.924,62736.924225,37.03
17:25:36.930,62736.930181,37.85
17:25:36.936,62736.936269,38.25
17:25:36.942,62736.942439,37.85
17:25:36.948,62736.948309,38.24
17:25:36.954,62736.954416,38.21
17:25:36.960,62736.960727,38.3
17:25:36.967,62736.967485,38.26
17:25:36.973,62736.973322,38.3
17:25:36.979,62736.979292,38.27
17:25:36.985,62736.985423,38.27
17:25:36.991,62736.991522,37.85
17:25:36.997,62736.997538,38.29
17:25:37.003,62737.003772,38.21
17:25:37.009,62737.009666,38.23
17:25:37.015,62737.015569,38.28
17:25:37.022,62737.022254,38.05
17:25:37.028,62737.028244,38.28
17:25:37.034,62737.03477,38.25
17:25:37.136,62737.13684,-1715.03
17:25:37.142,62737.14242,38.23
17:25:37.147,62737.147779,38.26
17:25:37.153,62737.153179,38.24
17:25:37.158,62737.15897,38.29
17:25:37.165,62737.165158,39.57
17:25:37.170,62737.171147,38.23
17:25:37.177,62737.177644,38.51
17:25:37.183,62737.183654,38.99
17:25:37.190,62737.190377,40.52
17:25:37.196,62737.196925,37.88
17:25:37.202,62737.202817,38.26
17:25:37.208,62737.209047,37.83
17:25:37.214,62737.214878,37.84
17:25:37.220,62737.220966,37.81
17:25:37.226,62737.226934,37.84
17:25:37.233,62737.23392,38.21
17:25:37.241,62737.24116,53.34
17:25:37.254,62737.254669,6.06
17:25:37.260,62737.260781,38.24
17:25:37.266,62737.266797,38.31
17:25:37.272,62737.272961,38.25
17:25:37.278,62737.278997,38.26
17:25:37.284,62737.285059,38.24
17:25:37.291,62737.291503,38.25
17:25:37.297,62737.298109,38.26
17:25:37.303,62737.303997,38.28
17:25:37.309,62737.309989,37.83
17:25:37.315,62737.315962,38.26
17:25:37.322,62737.32266,38.24
17:25:37.329,62737.329608,38.25
17:25:37.336,62737.337022,38.22
17:25:37.344,62737.344346,37.85
17:25:37.351,62737.351678,38.28
17:25:37.358,62737.358824,38.26
17:25:37.365,62737.365219,38.25
17:25:37.372,62737.372892,38.23
17:25:37.379,62737.379804,38.28
17:25:37.386,62737.387055,37.89
17:25:37.394,62737.39425,39.04
17:25:37.401,62737.401533,38.29
17:25:37.408,62737.408778,37.8
17:25:37.415,62737.415584,37.38
17:25:37.422,62737.422188,38.12
17:25:37.428,62737.428833,38.25
17:25:37.435,62737.435723,38.21
17:25:37.442,62737.442666,38.25
17:25:37.449,62737.449976,38.29
17:25:37.456,62737.456526,38.24
17:25:37.462,62737.463041,38.28
17:25:37.469,62737.469998,38.26
17:25:37.476,62737.476845,37.85
17:25:37.484,62737.484343,37.87
17:25:37.490,62737.491003,37.92
17:25:37.496,62737.497081,38.3
17:25:37.502,62737.502977,38.24
17:25:37.508,62737.508813,37.84
17:25:37.514,62737.514667,38.29
17:25:37.520,62737.520589,38.27
17:25:37.526,62737.526398,38.28
17:25:37.532,62737.532511,39.56
17:25:37.538,62737.53849,38.26
17:25:37.544,62737.544384,38.22
17:25:37.550,62737.550408,38.21
17:25:37.555,62737.556023,37.87
17:25:37.561,62737.56165,38.24
17:25:37.567,62737.567332,38.23
17:25:37.573,62737.57334,38.28
17:25:37.579,62737.579275,38.25
17:25:37.585,62737.585164,38.29
17:25:37.591,62737.591107,37.87
17:25:37.596,62737.596827,37.84
17:25:37.602,62737.602419,37.86
17:25:37.608,62737.60815,38.28
17:25:37.613,62737.613985,38.22
17:25:37.619,62737.61991,38.31
17:25:37.625,62737.625883,37.84
17:25:37.631,62737.631879,38.28
17:25:37.637,62737.637634,38.29
17:25:37.643,62737.643344,37.78
17:25:37.648,62737.649057,38.26
17:25:37.654,62737.654667,38.3
17:25:37.660,62737.660516,37.8
17:25:37.666,62737.666782,38.24
17:25:37.672,62737.67277,37.89
17:25:37.678,62737.678324,38.24
17:25:37.683,62737.683962,38.49
17:25:37.689,62737.689611,38.3
17:25:37.695,62737.695398,38.25
17:25:37.701,62737.701423,37.81
17:25:37.707,62737.707301,38.28
17:25:37.713,62737.713256,37.83
17:25:37.719,62737.719612,37.79
17:25:37.725,62737.725244,37.81
17:25:37.730,62737.731029,37.85
17:25:37.736,62737.73715,38.27
17:25:37.743,62737.743515,38.25
17:25:37.749,62737.749801,37.8
17:25:37.755,62737.755721,37.83
17:25:37.761,62737.761474,37.82
17:25:37.767,62737.767178,37.85
17:25:37.772,62737.772992,37.89
17:25:37.778,62737.778605,38.26
17:25:37.784,62737.784552,38.21
17:25:37.790,62737.790568,38.26
17:25:37.796,62737.796174,37.81
17:25:37.801,62737.801936,37.83
17:25:37.807,62737.807788,38.23
17:25:37.813,62737.813794,38.28
17:25:37.819,62737.819813,37.85
17:25:37.825,62737.825803,38.24
17:25:37.831,62737.831692,38.24
17:25:37.837,62737.837317,38.26
17:25:37.842,62737.843005,37.84
17:25:37.848,62737.848842,37.82
17:25:37.854,62737.854679,37.83
17:25:37.860,62737.860718,37.84
17:25:37.866,62737.866797,38.27
17:25:37.873,62737.873404,38.26
17:25:37.879,62737.879271,37.82
17:25:37.886,62737.886251,37.86
17:25:37.892,62737.892288,37.83
17:25:37.897,62737.898107,38.26
17:25:37.903,62737.903964,38.29
17:25:37.909,62737.909762,38.28
17:25:37.915,62737.915697,37.85
17:25:37.921,62737.92152,38.27
17:25:37.927,62737.92735,38.24
17:25:37.933,62737.93316,37.85
17:25:37.938,62737.938791,37.82
17:25:37.944,62737.94463,37.81
17:25:37.950,62737.950285,38.3
17:25:37.955,62737.956123,38.24
17:25:37.961,62737.961956,37.85
17:25:37.967,62737.967891,37.83
17:25:37.974,62737.974157,38.24
17:25:37.979,62737.980069,38.25
17:25:37.985,62737.985703,38.27
17:25:37.991,62737.991349,38.23
17:25:37.997,62737.997172,37.85
17:25:38.003,62738.003185,38.24
17:25:38.008,62738.009211,38.28
17:25:38.015,62738.015498,37.83
17:25:38.021,62738.021789,37.87
17:25:38.027,62738.027646,38.25
17:25:38.033,62738.033322,37.85
17:25:38.038,62738.039118,39.56
17:25:38.044,62738.044922,37.81
17:25:38.051,62738.051556,37.85
17:25:38.057,62738.057544,38.24
17:25:38.063,62738.063146,37.84
17:25:38.068,62738.069077,37.85
17:25:38.074,62738.074902,38.26
17:25:38.080,62738.080727,37.84
17:25:38.086,62738.086978,38.26
17:25:38.092,62738.092672,38.21
17:25:38.098,62738.098278,37.82
17:25:38.103,62738.10405,37.81
17:25:38.109,62738.109989,37.84
17:25:38.115,62738.115915,37.88
17:25:38.121,62738.121737,37.82
17:25:38.127,62738.12761,38.28
17:25:38.133,62738.133314,37.8
17:25:38.138,62738.139014,37.86
17:25:38.145,62738.145782,37.83
17:25:38.151,62738.151683,37.83
17:25:38.157,62738.157577,38.26
17:25:38.163,62738.164015,38.29
17:25:38.169,62738.16976,37.83
17:25:38.175,62738.175543,37.82
17:25:38.181,62738.181333,38.27
17:25:38.187,62738.187376,37.82
17:25:38.193,62738.193359,38.24
17:25:38.199,62738.199327,37.85
17:25:38.204,62738.205002,37.84
17:25:38.210,62738.211001,38.23
17:25:38.216,62738.216826,38.22
17:25:38.222,62738.222751,37.85
17:25:38.229,62738.229183,37.83
17:25:38.234,62738.234762,37.81
17:25:38.240,62738.240331,37.83
17:25:38.245,62738.245926,38.21
17:25:38.251,62738.251477,37.83
17:25:38.257,62738.257328,38.28
17:25:38.263,62738.263221,38.28
17:25:38.268,62738.269077,38.26
17:25:38.274,62738.275075,38.25
17:25:38.281,62738.281364,37.82
17:25:38.287,62738.287407,37.82
17:25:38.293,62738.293667,37.85
17:25:38.299,62738.299536,37.89
17:25:38.305,62738.305395,37.82
17:25:38.311,62738.311233,37.85
17:25:38.316,62738.317053,37.84
17:25:38.322,62738.323013,37.81
17:25:38.328,62738.328974,38.27
17:25:38.334,62738.335029,37.84
17:25:38.341,62738.341187,38.24
17:25:38.347,62738.34716,37.84
17:25:38.352,62738.35291,35.58
17:25:38.358,62738.358549,38.22
17:25:38.364,62738.364176,37.84
17:25:38.370,62738.370132,37.84
17:25:38.375,62738.376074,38.29
17:25:38.381,62738.381891,38.26
17:25:38.388,62738.388131,37.87
17:25:38.393,62738.393835,38.27
17:25:38.399,62738.399674,38.28
17:25:38.405,62738.405611,37.81
17:25:38.411,62738.411543,37.82
17:25:38.417,62738.417594,38.28
17:25:38.423,62738.423848,37.83
17:25:38.430,62738.430382,37.85
17:25:38.436,62738.436473,37.83
17:25:38.442,62738.44298,37.83
17:25:38.448,62738.448775,38.25
17:25:38.454,62738.454488,37.83
17:25:38.460,62738.460119,38.26
17:25:38.465,62738.465761,37.86
17:25:38.471,62738.47134,37.86
17:25:38.477,62738.477214,38.26
17:25:38.482,62738.483062,37.83
17:25:38.488,62738.489004,37.82
17:25:38.494,62738.494943,37.84
17:25:38.500,62738.501073,37.84
17:25:38.506,62738.506724,37.84
17:25:38.512,62738.512291,37.84
17:25:38.517,62738.517937,38.25
17:25:38.523,62738.523861,38.25
17:25:38.529,62738.529753,37.83
17:25:38.535,62738.535648,37.85
17:25:38.541,62738.541645,37.86
17:25:38.547,62738.547408,37.86
17:25:38.553,62738.553342,37.82
17:25:38.559,62738.559223,38.26
17:25:38.565,62738.565208,38.26
17:25:38.570,62738.570963,37.84
17:25:38.576,62738.576576,37.81
17:25:38.582,62738.582252,38.23
17:25:38.587,62738.58788,37.81
17:25:38.593,62738.593546,37.8
17:25:38.599,62738.599488,37.88
17:25:38.605,62738.605528,38.2
17:25:38.611,62738.61143,38.25
17:25:38.617,62738.617338,37.83
17:25:38.622,62738.622942,37.81
17:25:38.628,62738.628636,37.85
17:25:38.634,62738.634298,37.83
17:25:38.640,62738.640143,37.88
17:25:38.645,62738.645977,38.24
17:25:38.651,62738.6516,37.81
17:25:38.657,62738.657349,38.25
17:25:38.662,62738.662995,37.83
17:25:38.668,62738.668748,38.26
17:25:38.674,62738.674806,37.88
17:25:38.681,62738.681193,37.79
17:25:38.687,62738.687127,37.84
17:25:38.692,62738.693047,37.81
17:25:38.698,62738.698906,37.83
17:25:38.704,62738.704617,38.22
17:25:38.710,62738.710188,38.64
17:25:38.715,62738.715967,37.85
17:25:38.721,62738.721793,37.82
17:25:38.727,62738.727727,37.86
17:25:38.733,62738.733697,38.25
17:25:38.739,62738.739627,38.26
17:25:38.745,62738.745265,38.23
17:25:38.750,62738.751058,38.26
17:25:38.756,62738.757105,37.86
17:25:38.762,62738.762935,38.23
17:25:38.768,62738.768899,37.83
17:25:38.774,62738.774859,37.83
17:25:38.780,62738.780759,37.85
17:25:38.786,62738.78671,37.82
17:25:38.792,62738.792514,37.79
17:25:38.798,62738.798359,37.82
17:25:38.804,62738.804524,37.81
17:25:38.810,62738.811065,37.81
17:25:38.817,62738.817388,38.27
17:25:38.823,62738.823237,39.12
17:25:38.829,62738.829215,37.84
17:25:38.835,62738.835489,38.24
17:25:38.841,62738.841554,37.83
17:25:38.847,62738.847403,37.87
17:25:38.853,62738.853333,37.84
17:25:38.858,62738.859087,37.87
17:25:38.864,62738.864842,37.82
17:25:38.870,62738.870417,37.88
17:25:38.875,62738.875992,37.87
17:25:38.881,62738.881577,37.84
17:25:38.887,62738.887472,38.23
17:25:38.893,62738.89338,37.81
17:25:38.899,62738.899184,37.85
17:25:38.905,62738.905531,38.28
17:25:38.911,62738.911401,37.81
17:25:38.916,62738.91704,38.25
17:25:38.922,62738.922826,37.8
17:25:38.928,62738.928793,37.85
17:25:38.934,62738.934632,37.83
17:25:38.940,62738.940562,37.81
17:25:38.946,62738.946476,38.29
17:25:38.952,62738.952178,38.26
17:25:38.957,62738.95807,38.26
17:25:38.963,62738.964013,38.26
17:25:38.969,62738.969834,37.84
17:25:38.975,62738.975751,37.85
17:25:38.981,62738.981664,37.82
17:25:38.987,62738.987666,37.84
17:25:38.993,62738.993799,37.83
17:25:39.000,62739.000242,37.79
17:25:39.006,62739.006273,38.26
17:25:39.011,62739.012052,38.27
17:25:39.017,62739.017757,37.84
17:25:39.023,62739.023736,37.85
17:25:39.029,62739.029643,37.8
17:25:39.035,62739.035439,37.84
17:25:39.041,62739.041274,38.24
17:25:39.046,62739.046883,37.85
17:25:39.052,62739.052704,37.83
17:25:39.058,62739.058528,37.81
17:25:39.064,62739.06443,37.86
17:25:39.070,62739.070706,37.81
17:25:39.076,62739.076357,39.14
17:25:39.081,62739.081952,37.81
17:25:39.087,62739.087557,38.27
17:25:39.093,62739.093363,37.85
17:25:39.099,62739.0993,37.82
17:25:39.105,62739.105142,37.86
17:25:39.110,62739.111001,37.84
17:25:39.116,62739.116936,37.83
17:25:39.122,62739.122567,38.26
17:25:39.128,62739.128259,37.8
17:25:39.133,62739.134038,37.81
17:25:39.139,62739.139985,38.31
17:25:39.145,62739.14591,37.85
17:25:39.151,62739.152043,37.82
17:25:39.157,62739.157932,38.25
17:25:39.164,62739.164531,38.25
17:25:39.170,62739.170843,37.88
17:25:39.176,62739.176849,37.84
17:25:39.183,62739.183299,37.43
17:25:39.190,62739.190465,37.84
17:25:39.197,62739.197271,38.21
17:25:39.203,62739.204003,37.8
17:25:39.210,62739.210766,37.81
17:25:39.217,62739.217776,37.85
17:25:39.224,62739.225055,37.84
17:25:39.231,62739.232059,37.81
17:25:39.238,62739.238422,37.84
17:25:39.245,62739.245188,37.83
17:25:39.251,62739.251996,37.74
17:25:39.258,62739.258918,37.83
17:25:39.266,62739.266321,37.81
17:25:39.272,62739.272745,37.39
17:25:39.279,62739.27947,37.82
17:25:39.286,62739.286294,37.83
17:25:39.293,62739.293265,37.82
17:25:39.300,62739.300452,37.81
17:25:39.306,62739.306868,37.81
17:25:39.313,62739.313651,37.83
17:25:39.320,62739.320633,37.85
17:25:39.327,62739.327706,37.87
17:25:39.334,62739.334547,37.81
17:25:39.341,62739.34139,37.83
17:25:39.348,62739.348255,37.83
17:25:39.353,62739.354055,37.82
17:25:39.360,62739.360213,37.88
17:25:39.367,62739.367138,37.82
17:25:39.373,62739.37408,38.49
17:25:39.380,62739.380815,37.82
17:25:39.387,62739.387714,37.85
17:25:39.394,62739.394554,37.81
17:25:39.401,62739.401587,37.81
17:25:39.407,62739.408022,37.85
17:25:39.414,62739.414508,38.2
17:25:39.421,62739.421271,37.83
17:25:39.427,62739.427201,37.84
17:25:39.433,62739.433189,37.87
17:25:39.439,62739.439674,37.82
17:25:39.445,62739.445387,37.87
17:25:39.450,62739.451034,37.8
17:25:39.456,62739.456769,38.25
17:25:39.462,62739.462559,37.84
17:25:39.468,62739.468424,37.85
17:25:39.474,62739.474329,37.86
17:25:39.480,62739.480434,37.83
17:25:39.486,62739.486472,37.79
17:25:39.492,62739.492408,37.81
17:25:39.498,62739.498263,37.8
17:25:39.503,62739.504066,37.82
17:25:39.510,62739.510162,38.27
17:25:39.516,62739.516187,38.28
17:25:39.522,62739.522187,39.13
17:25:39.528,62739.528115,37.82
17:25:39.534,62739.534596,37.83
17:25:39.540,62739.540521,37.86
17:25:39.546,62739.546167,37.79
17:25:39.551,62739.551952,37.79
17:25:39.557,62739.557898,37.85
17:25:39.563,62739.563776,37.81
17:25:39.569,62739.569663,37.83
17:25:39.575,62739.575585,37.87
17:25:39.581,62739.581301,38.26
17:25:39.587,62739.587226,37.82
17:25:39.593,62739.59348,37.87
17:25:39.599,62739.59929,37.83
17:25:39.605,62739.605231,37.85
17:25:39.610,62739.610845,37.82
17:25:39.616,62739.616691,38.25
17:25:39.622,62739.62265,38.26
17:25:39.628,62739.628566,37.83
17:25:39.634,62739.634504,37.81
17:25:39.640,62739.64058,37.84
17:25:39.646,62739.64619,37.81
17:25:39.651,62739.651877,37.83
17:25:39.657,62739.658101,38.24
17:25:39.663,62739.664106,38.65
17:25:39.670,62739.670232,37.84
17:25:39.676,62739.676683,37.84
17:25:39.682,62739.682564,38.25
17:25:39.688,62739.688411,37.88
17:25:39.695,62739.695246,37.85
17:25:39.701,62739.701688,38.26
17:25:39.707,62739.707889,37.86
17:25:39.713,62739.713572,23.56
17:25:39.720,62739.720442,37.84
17:25:39.727,62739.727262,37.83
17:25:39.733,62739.733234,37.85
17:25:39.739,62739.739136,38.3
17:25:39.745,62739.745625,37.85
17:25:39.751,62739.752065,37.83
17:25:39.758,62739.75839,37.85
17:25:39.764,62739.765012,37.85
17:25:39.771,62739.77175,37.82
17:25:39.778,62739.778603,37.8
17:25:39.785,62739.785668,38.3
17:25:39.792,62739.792399,37.83
17:25:39.798,62739.798759,37.81
17:25:39.805,62739.805327,37.82
17:25:39.811,62739.812066,37.83
17:25:39.818,62739.818978,37.81
17:25:39.826,62739.826396,37.81
17:25:39.834,62739.834133,37.85
17:25:39.840,62739.841044,37.84
17:25:39.847,62739.847855,37.87
17:25:39.854,62739.854967,37.88
17:25:39.862,62739.862183,37.87
17:25:39.869,62739.869303,37.79
17:25:39.875,62739.87597,37.81
17:25:39.882,62739.882782,34.27
17:25:39.889,62739.889346,37.87
17:25:39.895,62739.89592,37.84
17:25:39.902,62739.902685,37.81
17:25:39.909,62739.909698,38.28
17:25:39.916,62739.916733,38.22
17:25:39.923,62739.923168,37.85
17:25:39.929,62739.929776,37.83
17:25:39.936,62739.936627,37.84
17:25:39.943,62739.943378,37.83
17:25:39.950,62739.950674,37.83
17:25:39.957,62739.957165,37.85
17:25:39.963,62739.963771,37.83
17:25:39.970,62739.970523,37.84
17:25:39.977,62739.977296,37.82
17:25:39.984,62739.984778,37.81
17:25:39.991,62739.99136,38.24
17:25:39.998,62739.998849,37.87
17:25:40.005,62740.005987,38.26
17:25:40.013,62740.013507,37.86
17:25:40.021,62740.021187,37.82
17:25:40.028,62740.028942,37.82
17:25:40.035,62740.036008,37.81
17:25:40.042,62740.043018,37.8
17:25:40.049,62740.05,37.83
17:25:40.056,62740.057029,38.2
17:25:40.064,62740.06417,37.83
17:25:40.070,62740.070911,37.79
17:25:40.076,62740.076742,37.87
17:25:40.083,62740.083651,37.84
17:25:40.090,62740.090933,39.19
17:25:40.098,62740.098364,38.58
17:25:40.105,62740.105587,38.26
17:25:40.111,62740.112077,37.82
17:25:40.118,62740.1187,37.84
17:25:40.125,62740.125536,37.83
17:25:40.132,62740.132492,38.24
17:25:40.139,62740.139639,37.81
17:25:40.146,62740.146174,38.26
17:25:40.152,62740.152696,37.84
17:25:40.159,62740.159455,37.83
17:25:40.166,62740.166285,37.81
17:25:40.172,62740.172925,37.84
17:25:40.179,62740.179667,37.84
17:25:40.186,62740.186884,37.85
17:25:40.192,62740.192784,37.82
17:25:40.198,62740.198873,37.83
17:25:40.205,62740.205742,37.81
17:25:40.212,62740.212379,37.83
17:25:40.218,62740.218842,37.85
17:25:40.225,62740.225372,38.25
17:25:40.231,62740.232132,37.85
17:25:40.238,62740.239138,37.79
17:25:40.246,62740.246379,37.81
17:25:40.252,62740.252932,37.8
17:25:40.259,62740.259372,37.83
17:25:40.265,62740.266091,37.83
17:25:40.272,62740.272924,37.86
17:25:40.279,62740.279777,37.87
17:25:40.286,62740.2867,37.82
17:25:40.293,62740.293262,37.79
17:25:40.299,62740.299993,37.79
17:25:40.305,62740.305862,37.88
17:25:40.312,62740.312328,37.81
17:25:40.317,62740.317978,37.8
17:25:40.323,62740.323541,37.81
17:25:40.329,62740.329232,37.85
17:25:40.335,62740.335549,38.21
17:25:40.341,62740.342058,37.85
17:25:40.347,62740.347995,37.85
17:25:40.353,62740.353838,37.88
17:25:40.371,62740.372074,36.01
17:25:40.378,62740.378104,37.81
17:25:40.383,62740.383694,37.81
17:25:40.389,62740.389327,38.28
17:25:40.394,62740.394946,37.83
17:25:40.400,62740.400939,38.25
17:25:40.406,62740.406806,37.86
17:25:40.412,62740.412771,38.32
17:25:40.418,62740.418684,37.88
17:25:40.424,62740.424406,38.26
17:25:40.429,62740.430064,37.83
17:25:40.435,62740.435758,37.81
17:25:40.441,62740.441652,37.84
17:25:40.447,62740.447775,37.79
17:25:40.453,62740.453616,37.81
17:25:40.459,62740.459504,37.8
17:25:40.466,62740.466228,37.83
17:25:40.471,62740.471966,37.82
17:25:40.478,62740.47825,37.88
17:25:40.484,62740.484618,37.85
17:25:40.490,62740.490386,37.82
17:25:40.496,62740.496091,38.3
17:25:40.501,62740.501666,37.85
17:25:40.507,62740.507408,38.28
17:25:40.513,62740.513326,38.26
17:25:40.519,62740.519263,38.24
17:25:40.525,62740.525277,37.81
17:25:40.531,62740.531169,37.86
17:25:40.537,62740.537141,37.84
17:25:40.542,62740.542794,37.84
17:25:40.548,62740.548581,37.83
17:25:40.554,62740.55448,37.85
17:25:40.560,62740.560455,37.8
17:25:40.566,62740.566797,37.81
17:25:40.572,62740.572474,38.23
17:25:40.578,62740.578095,37.87
17:25:40.583,62740.583691,37.88
17:25:40.589,62740.589492,37.83
17:25:40.595,62740.595383,37.87
17:25:40.601,62740.601453,37.85
17:25:40.607,62740.607905,37.82
17:25:40.613,62740.613715,37.87
17:25:40.619,62740.619516,37.79
17:25:40.625,62740.625563,37.81
17:25:40.631,62740.631366,37.79
17:25:40.637,62740.637285,38.27
17:25:40.643,62740.643461,38.24
17:25:40.649,62740.649561,37.84
17:25:40.655,62740.655672,37.85
17:25:40.661,62740.661715,37.85
17:25:40.667,62740.667298,37.82
17:25:40.672,62740.673124,38.25
17:25:40.678,62740.678901,37.85
17:25:40.684,62740.684977,37.83
17:25:40.690,62740.690983,38.26
17:25:40.697,62740.697318,38.25
17:25:40.703,62740.703239,37.85
17:25:40.708,62740.709028,37.82
17:25:40.714,62740.714574,37.9
17:25:40.720,62740.720421,37.84
17:25:40.726,62740.726236,37.99
17:25:40.732,62740.7323,38.22
17:25:40.738,62740.738759,38.27
17:25:40.745,62740.745137,37.84
17:25:40.750,62740.750762,38.23
17:25:40.756,62740.756395,37.82
17:25:40.762,62740.762189,37.34
17:25:40.768,62740.768123,37.8
17:25:40.773,62740.774038,37.83
17:25:40.780,62740.780542,37.86
17:25:40.786,62740.786816,37.87
17:25:40.792,62740.792925,37.78
17:25:40.798,62740.79884,39.14
17:25:40.805,62740.805459,37.84
17:25:40.818,62740.818945,37.99
17:25:40.824,62740.82506,38.25
17:25:40.830,62740.83106,37.79
17:25:40.837,62740.837119,37.82
17:25:40.843,62740.84336,37.84
17:25:40.849,62740.849335,37.85
17:25:40.854,62740.854956,38.26
17:25:40.861,62740.861128,37.83
17:25:40.866,62740.867065,37.79
17:25:40.872,62740.873099,37.82
17:25:40.879,62740.87934,37.88
17:25:40.884,62740.88502,37.82
17:25:40.890,62740.890632,37.83
17:25:40.896,62740.896153,37.83
17:25:40.901,62740.90207,38.26
17:25:40.907,62740.908013,37.82
17:25:40.913,62740.914059,37.84
17:25:40.920,62740.92077,37.79
17:25:40.926,62740.926657,37.8
17:25:40.932,62740.932248,37.82
17:25:40.937,62740.937789,37.85
17:25:40.943,62740.943758,37.83
17:25:40.949,62740.94975,37.84
17:25:40.955,62740.955937,37.85
17:25:40.961,62740.961762,37.82
17:25:40.967,62740.967597,38.22
17:25:40.973,62740.973901,38.23
17:25:40.979,62740.97961,37.86
17:25:40.985,62740.985879,37.81
17:25:40.991,62740.99203,37.84
17:25:40.997,62740.9979,37.83
17:25:41.003,62741.003647,37.85
17:25:41.009,62741.009428,37.85
17:25:41.015,62741.01537,37.84
17:25:41.021,62741.021347,37.84
17:25:41.027,62741.027224,37.85
17:25:41.033,62741.033209,37.86
17:25:41.038,62741.038806,37.8
17:25:41.044,62741.044374,37.83
17:25:41.053,62741.054086,37.84
17:25:41.060,62741.060183,37.85
17:25:41.066,62741.066209,37.83
17:25:41.072,62741.072194,37.81
17:25:41.077,62741.077885,37.83
17:25:41.083,62741.08364,37.81
17:25:41.089,62741.089586,37.88
17:25:41.095,62741.095737,38.25
17:25:41.102,62741.102103,38.28
17:25:41.107,62741.107722,38.24
17:25:41.113,62741.113362,37.83
17:25:41.119,62741.11914,37.81
17:25:41.125,62741.125531,37.82
17:25:41.131,62741.131371,37.87
17:25:41.138,62741.138241,37.85
17:25:41.144,62741.144338,38.27
17:25:41.150,62741.150181,37.82
17:25:41.156,62741.156163,38.23
17:25:41.162,62741.16235,39.1
17:25:41.168,62741.168359,37.82
17:25:41.174,62741.174131,37.83
17:25:41.179,62741.179961,37.66
17:25:41.185,62741.185595,38.64
17:25:41.191,62741.191356,37.81
17:25:41.197,62741.197326,38.25
17:25:41.203,62741.203438,37.88
17:25:41.209,62741.210008,37.81
17:25:41.220,62741.220926,37.83
17:25:41.226,62741.226818,38.27
17:25:41.232,62741.232775,37.82
17:25:41.238,62741.238781,37.83
17:25:41.244,62741.245069,37.83
17:25:41.250,62741.250723,38.22
17:25:41.256,62741.2564,37.39
17:25:41.262,62741.262213,37.81
17:25:41.268,62741.268127,38.26
17:25:41.273,62741.274032,37.86
17:25:41.280,62741.280578,38.24
17:25:41.286,62741.286849,38.71
17:25:41.292,62741.293085,36.46
17:25:41.299,62741.299357,37.82
17:25:41.305,62741.305318,37.81
17:25:41.311,62741.311124,37.81
17:25:41.317,62741.317399,38.21
17:25:41.323,62741.323178,38.27
17:25:41.328,62741.328963,38.25
17:25:41.334,62741.334552,37.81
17:25:41.340,62741.340198,37.84
17:25:41.345,62741.34585,38.05
17:25:41.351,62741.351694,38.28
17:25:41.357,62741.357635,37.87
17:25:41.363,62741.36355,38.28
17:25:41.369,62741.369946,37.84
17:25:41.376,62741.376136,37.79
17:25:41.382,62741.382264,37.83
17:25:41.388,62741.38813,40.93
17:25:41.393,62741.394101,37.84
17:25:41.399,62741.400068,37.79
17:25:41.405,62741.40599,37.84
17:25:41.412,62741.412193,37.84
17:25:41.417,62741.418095,37.85
17:25:41.423,62741.424007,37.84
17:25:41.429,62741.429986,38.26
17:25:41.435,62741.435866,37.79
17:25:41.441,62741.441905,37.82
17:25:41.447,62741.447714,38.25
17:25:41.454,62741.454395,37.9
17:25:41.460,62741.460454,38.25
17:25:41.466,62741.466407,37.81
17:25:41.472,62741.472263,37.8
17:25:41.477,62741.478081,38.21
17:25:41.483,62741.483717,37.83
17:25:41.489,62741.489661,38.2
17:25:41.495,62741.495602,38.26
17:25:41.501,62741.501798,37.82
17:25:41.507,62741.508054,38.28
17:25:41.513,62741.513926,37.94
17:25:41.519,62741.520159,38.22
17:25:41.526,62741.526659,38.27
17:25:41.532,62741.532695,37.85
17:25:41.538,62741.538539,38.24
17:25:41.544,62741.544384,38.25
17:25:41.550,62741.55018,37.63
17:25:41.555,62741.555968,37.85
17:25:41.561,62741.561934,37.81
17:25:41.567,62741.568069,37.81
17:25:41.574,62741.574367,37.83
17:25:41.580,62741.580403,38.2
17:25:41.586,62741.58645,38.22
17:25:41.592,62741.592658,38.24
17:25:41.606,62741.606917,37.92
17:25:41.613,62741.614045,37.85
17:25:41.620,62741.620274,37.84
17:25:41.626,62741.626414,38.25
17:25:41.632,62741.632566,39.59
17:25:41.638,62741.639055,37.84
17:25:41.645,62741.645756,37.84
17:25:41.651,62741.651648,38.23
17:25:41.658,62741.658749,37.84
17:25:41.664,62741.664764,38.24
17:25:41.670,62741.670747,37.81
17:25:41.676,62741.677021,37.83
17:25:41.682,62741.682991,37.81
17:25:41.688,62741.689123,37.81
17:25:41.695,62741.695669,37.81
17:25:41.701,62741.701472,38.24
17:25:41.707,62741.707361,37.87
17:25:41.713,62741.713843,37.84
17:25:41.719,62741.719643,37.84
17:25:41.725,62741.725456,38.25
17:25:41.730,62741.731094,37.85
17:25:41.737,62741.73717,38.26
17:25:41.742,62741.742889,37.83
17:25:41.748,62741.748861,37.86
17:25:41.754,62741.755132,37.84
17:25:41.761,62741.761543,37.81
17:25:41.767,62741.767585,38.26
17:25:41.774,62741.774551,37.85
17:25:41.780,62741.780389,38.28
17:25:41.786,62741.786854,37.85
17:25:41.792,62741.792796,38.28
17:25:41.798,62741.798628,37.85
17:25:41.804,62741.804499,38.21
17:25:41.810,62741.810408,38.25
17:25:41.816,62741.816152,37.82
17:25:41.821,62741.821965,37.87
17:25:41.828,62741.828114,37.81
17:25:41.833,62741.834215,37.82
17:25:41.840,62741.840704,38.25
17:25:41.847,62741.847227,37.79
17:25:41.854,62741.854514,59.47
17:25:41.860,62741.860725,37.83
17:25:41.866,62741.866538,38.25
17:25:41.872,62741.872263,37.83
17:25:41.976,62741.976119,-1715.02
17:25:41.981,62741.981758,37.85
17:25:41.987,62741.987738,37.82
17:25:41.993,62741.994008,37.79
17:25:42.000,62742.000413,37.83
17:25:42.006,62742.006484,38.23
17:25:42.012,62742.012799,38.28
17:25:42.019,62742.019393,37.83
17:25:42.025,62742.025436,37.88
17:25:42.031,62742.031583,38.3
17:25:42.037,62742.037631,37.85
17:25:42.043,62742.043964,37.85
17:25:42.050,62742.050125,38.23
17:25:42.056,62742.05616,38.21
17:25:42.062,62742.062251,37.78
17:25:42.067,62742.068005,37.81
17:25:42.073,62742.073982,37.8
17:25:42.080,62742.080416,37.8
17:25:42.086,62742.086216,37.83
17:25:42.091,62742.091972,37.48
17:25:42.097,62742.097563,37.85
17:25:42.103,62742.103291,38.21
17:25:42.109,62742.109203,37.82
17:25:42.114,62742.115099,37.82
17:25:42.121,62742.121235,37.87
17:25:42.127,62742.127128,37.85
17:25:42.133,62742.133511,37.81
17:25:42.139,62742.139377,37.86
17:25:42.145,62742.145635,37.87
17:25:42.151,62742.151512,38.25
17:25:42.157,62742.157807,37.81
17:25:42.163,62742.163814,39.09
17:25:42.169,62742.169635,37.89
17:25:42.175,62742.175246,37.36
17:25:42.181,62742.181153,37.84
17:25:42.186,62742.187097,37.82
17:25:42.192,62742.193085,37.82
17:25:42.198,62742.199015,37.86
17:25:42.205,62742.205245,37.84
17:25:42.212,62742.212175,49.92
17:25:42.313,62742.313782,-1715.03
17:25:42.319,62742.319614,37.84
17:25:42.325,62742.325194,37.81
17:25:42.330,62742.330692,38.26
17:25:42.336,62742.336117,37.86
17:25:42.341,62742.341776,39.56
17:25:42.347,62742.347692,37.84
17:25:42.353,62742.354061,37.84
17:25:42.360,62742.360369,38.28
17:25:42.366,62742.366368,37.85
17:25:42.372,62742.372439,37.82
17:25:42.378,62742.379093,37.83
17:25:42.384,62742.385058,37.85
17:25:42.390,62742.390878,37.81
17:25:42.396,62742.396736,37.82
17:25:42.402,62742.402633,37.83
17:25:42.408,62742.408377,37.83
17:25:42.414,62742.414161,37.68
17:25:42.420,62742.420356,37.8
17:25:42.426,62742.426693,37.83
17:25:42.432,62742.432726,37.85
17:25:42.438,62742.439001,37.87
17:25:42.444,62742.445088,37.86
17:25:42.451,62742.451356,37.81
17:25:42.457,62742.457275,37.79
17:25:42.462,62742.463075,39.08
17:25:42.468,62742.468919,37.84
17:25:42.474,62742.474687,37.85
17:25:42.480,62742.480496,37.84
17:25:42.486,62742.486363,37.88
17:25:42.492,62742.492339,37.83
17:25:42.498,62742.498313,37.86
17:25:42.504,62742.504178,37.84
17:25:42.510,62742.510294,38.53
17:25:42.515,62742.516155,37.83
17:25:42.522,62742.522462,37.85
17:25:42.528,62742.528344,37.84
17:25:42.534,62742.534161,37.63
17:25:42.539,62742.539814,37.88
17:25:42.545,62742.545517,37.65
17:25:42.551,62742.551286,37.85
17:25:42.557,62742.557259,38.26
17:25:42.563,62742.563193,37.81
17:25:42.569,62742.569647,37.84
17:25:42.575,62742.575543,38.24
17:25:42.581,62742.581552,37.84
17:25:42.587,62742.58756,37.83
17:25:42.593,62742.5937,37.85
17:25:42.599,62742.599494,37.79
17:25:42.605,62742.605139,37.87
17:25:42.610,62742.611008,37.82
17:25:42.616,62742.616797,37.79
17:25:42.622,62742.622595,37.83
17:25:42.628,62742.628215,37.84
17:25:42.633,62742.633798,37.83
17:25:42.639,62742.6395,37.85
17:25:42.645,62742.645477,38.23
17:25:42.651,62742.651774,37.84
17:25:42.657,62742.657792,37.85
17:25:42.663,62742.663713,37.84
17:25:42.669,62742.669752,37.85
17:25:42.675,62742.675755,38.24
17:25:42.681,62742.68167,37.85
17:25:42.687,62742.687542,37.81
17:25:42.693,62742.693356,37.86
17:25:42.698,62742.698966,37.2
17:25:42.704,62742.70507,37.81
17:25:42.711,62742.71134,37.82
17:25:42.717,62742.717303,37.88
17:25:42.723,62742.723338,37.84
17:25:42.729,62742.729481,37.83
17:25:42.735,62742.735747,37.86
17:25:42.741,62742.741867,38.26
17:25:42.748,62742.748174,37.84
17:25:42.753,62742.753945,37.88
17:25:42.759,62742.759735,38.24
17:25:42.765,62742.765462,39.19
17:25:42.771,62742.771676,38.46
17:25:42.777,62742.777613,37.84
17:25:42.783,62742.783437,37.88
17:25:42.789,62742.78962,37.86
17:25:42.795,62742.79575,38.23
17:25:42.802,62742.802307,38.81
17:25:42.808,62742.808551,38.27
17:25:42.814,62742.814197,38.9
17:25:42.819,62742.820014,37.85
17:25:42.826,62742.826303,37.83
17:25:42.832,62742.832166,37.81
17:25:42.837,62742.838112,37.85
17:25:42.855,62742.856128,242.56
17:25:42.862,62742.86308,37.81
17:25:42.869,62742.86939,37.85
17:25:42.875,62742.875791,37.83
17:25:42.882,62742.882726,38.25
17:25:42.890,62742.890454,37.8
17:25:42.897,62742.897815,37.85
17:25:42.904,62742.904524,37.81
17:25:42.911,62742.911994,37.88
17:25:42.918,62742.919179,37.79
17:25:42.926,62742.926301,38.55
17:25:42.932,62742.932661,38.26
17:25:42.940,62742.940311,38.22
17:25:42.947,62742.947363,38.24
17:25:42.954,62742.954243,39.13
17:25:42.961,62742.961107,37.84
17:25:42.967,62742.967742,37.84
17:25:42.974,62742.97462,37.85
17:25:42.981,62742.981536,37.87
17:25:42.988,62742.988484,37.83
17:25:42.995,62742.995562,37.88
17:25:43.002,62743.00262,38.24
17:25:43.010,62743.010193,37.87
17:25:43.017,62743.017395,38.22
17:25:43.024,62743.024098,37.84
17:25:43.030,62743.030646,37.85
17:25:43.037,62743.037895,37.8
17:25:43.044,62743.044853,37.85
17:25:43.051,62743.051689,37.86
17:25:43.058,62743.05887,38.21
17:25:43.066,62743.066379,38.28
17:25:43.073,62743.073454,38.29
17:25:43.081,62743.081271,37.81
17:25:43.088,62743.088218,37.82
17:25:43.094,62743.094876,38.29
17:25:43.101,62743.101612,38.27
17:25:43.108,62743.108691,37.88
17:25:43.116,62743.116171,38.26
17:25:43.123,62743.123652,37.84
17:25:43.130,62743.130425,38.26
17:25:43.137,62743.137282,37.86
17:25:43.144,62743.144432,37.84
17:25:43.151,62743.151735,37.81
17:25:43.158,62743.158816,38.26
17:25:43.165,62743.165493,37.87
17:25:43.172,62743.172203,37.84
17:25:43.178,62743.17906,38.28
17:25:43.186,62743.186631,38.24
17:25:43.194,62743.19424,38.26
17:25:43.200,62743.200891,38.22
17:25:43.207,62743.207525,38.25
17:25:43.214,62743.214696,38.27
17:25:43.221,62743.221502,37.85
17:25:43.228,62743.228518,38.24
17:25:43.235,62743.235761,37.81
17:25:43.242,62743.242821,38.26
17:25:43.249,62743.249888,37.83
17:25:43.257,62743.257737,37.83
17:25:43.264,62743.264755,38.27
17:25:43.271,62743.271474,37.83
17:25:43.278,62743.278325,37.83
17:25:43.284,62743.285019,38.29
17:25:43.291,62743.291569,37.83
17:25:43.298,62743.298674,37.8
17:25:43.306,62743.306296,37.8
17:25:43.313,62743.313771,37.79
17:25:43.320,62743.320585,37.85
17:25:43.328,62743.328119,37.83
17:25:43.334,62743.334907,37.84
17:25:43.342,62743.342946,37.86
17:25:43.349,62743.349785,37.82
17:25:43.356,62743.35708,37.86
17:25:43.364,62743.364425,37.86
17:25:43.371,62743.371109,37.87
17:25:43.376,62743.376424,15.41
17:25:43.381,62743.382062,15.08
17:25:43.387,62743.387591,14.83
17:25:43.392,62743.393057,13.99
17:25:43.398,62743.398458,14.53
17:25:43.403,62743.404006,15.34
17:25:43.409,62743.409434,15.31
17:25:43.414,62743.414772,14.98
17:25:43.419,62743.420008,15.66
17:25:43.425,62743.42565,15.62
17:25:43.431,62743.4313,15.71
17:25:43.437,62743.437383,15.85
17:25:43.444,62743.444652,37.85
17:25:43.450,62743.451076,38.28
17:25:43.456,62743.456638,16.27
17:25:43.462,62743.46232,16.4
17:25:43.470,62743.470442,38.24
17:25:43.477,62743.477653,38.22
17:25:43.484,62743.484482,37.85
17:25:43.491,62743.491185,37.82
17:25:43.497,62743.497764,38.26
17:25:43.504,62743.504419,37.85
17:25:43.511,62743.511246,37.84
17:25:43.518,62743.518227,37.81
17:25:43.525,62743.525347,37.82
17:25:43.532,62743.532722,37.83
17:25:43.539,62743.539627,37.87
17:25:43.546,62743.546735,37.83
17:25:43.553,62743.55373,37.87
17:25:43.560,62743.560369,38.28
17:25:43.566,62743.566824,38.3
17:25:43.573,62743.573392,37.83
17:25:43.579,62743.58011,37.79
17:25:43.586,62743.587053,37.81
17:25:43.593,62743.593986,38.21
17:25:43.600,62743.60102,37.83
17:25:43.608,62743.608763,37.88
17:25:43.615,62743.615669,37.85
17:25:43.622,62743.622859,37.83
17:25:43.629,62743.62977,37.85
17:25:43.636,62743.636749,37.81
17:25:43.643,62743.643704,37.82
17:25:43.650,62743.650781,39.13
17:25:43.658,62743.658788,37.83
17:25:43.665,62743.665951,39.11
17:25:43.673,62743.673499,45.08
17:25:43.680,62743.680432,38.29
17:25:43.687,62743.687177,37.87
17:25:43.693,62743.694066,37.85
17:25:43.700,62743.701195,37.81
17:25:43.708,62743.708301,38.22
17:25:43.715,62743.71524,37.88
17:25:43.722,62743.722515,37.85
17:25:43.728,62743.72909,38.24
17:25:43.736,62743.736623,38.24
17:25:43.743,62743.743867,37.4
17:25:43.751,62743.751375,36.96
17:25:43.758,62743.758495,36.96
17:25:43.765,62743.765643,37.85
17:25:43.773,62743.773644,38.26
17:25:43.779,62743.780146,37.85
17:25:43.789,62743.789154,70.73
17:25:43.795,62743.795489,15.5
17:25:43.801,62743.801277,15.33
17:25:43.807,62743.807474,16.41
17:25:43.814,62743.814601,37.41
17:25:43.821,62743.821783,36.93
17:25:43.829,62743.829471,51.51
17:25:43.835,62743.835735,31.57
17:25:43.841,62743.841167,15.82
17:25:43.846,62743.846833,15.27
17:25:43.852,62743.852252,12.99
17:25:43.857,62743.857442,11.93
17:25:43.862,62743.862755,11.78
17:25:43.867,62743.867813,11.71
17:25:43.872,62743.872351,11.98
17:25:43.876,62743.87698,13.69
17:25:43.882,62743.88281,28.92
17:25:43.887,62743.887596,12.28
17:25:43.891,62743.891923,11.37
17:25:43.896,62743.896563,9.67
17:25:43.901,62743.901396,12.51
17:25:43.905,62743.906082,10.65
17:25:43.912,62743.912162,11.51
17:25:43.917,62743.917566,10.93
17:25:43.922,62743.923114,9.52
17:25:43.928,62743.92847,11.29
17:25:43.933,62743.933756,10.77
17:25:43.938,62743.938813,9.42
17:25:43.943,62743.943755,9.78
17:25:43.949,62743.949173,12.78
17:25:43.954,62743.954467,10.55
17:25:43.959,62743.959929,10.91
17:25:43.965,62743.965489,11.29
17:25:43.969,62743.969909,10.84
17:25:43.974,62743.974172,10.38
17:25:43.979,62743.979246,10.43
17:25:43.984,62743.98486,10.41
17:25:43.990,62743.990265,11.26
17:25:43.997,62743.998083,54.47
17:25:44.005,62744.005956,55.83
17:25:44.014,62744.014263,55.39
17:25:44.019,62744.019997,12.11
17:25:44.025,62744.025606,12.18
17:25:44.031,62744.031521,11.75
17:25:44.036,62744.037169,12.25
17:25:44.042,62744.043079,11.42
17:25:44.048,62744.048659,12.29
17:25:44.054,62744.054245,12.31
17:25:44.059,62744.059633,12.31
17:25:44.065,62744.065351,12.72
17:25:44.070,62744.070657,13.2
17:25:44.075,62744.075981,13.24
17:25:44.082,62744.082451,39.56
17:25:44.089,62744.089175,39.14
17:25:44.096,62744.096226,38.25
17:25:44.102,62744.103139,38.3
17:25:44.110,62744.110689,37.83
17:25:44.117,62744.117197,13.74
17:25:44.122,62744.122651,12.74
17:25:44.128,62744.128861,12.69
17:25:44.134,62744.134145,12.15
17:25:44.139,62744.13968,12.13
17:25:44.144,62744.144854,11.54
17:25:44.149,62744.149991,11.49
17:25:44.154,62744.154787,10.57
17:25:44.159,62744.159943,13.14
17:25:44.164,62744.165073,12.63
17:25:44.170,62744.170524,12.96
17:25:44.175,62744.175815,9.8
17:25:44.181,62744.181603,12.38
17:25:44.186,62744.186966,9.63
17:25:44.191,62744.191743,9.99
17:25:44.198,62744.198261,12.48
17:25:44.206,62744.206175,53.22
17:25:44.215,62744.215333,54.49
17:25:44.220,62744.220894,9.4
17:25:44.226,62744.226661,11.49
17:25:44.232,62744.232368,11.0
17:25:44.237,62744.238086,11.32
17:25:44.242,62744.243143,11.69
17:25:44.250,62744.250377,23.25
17:25:44.255,62744.25624,12.14
17:25:44.261,62744.261846,12.57
17:25:44.267,62744.267196,12.12
17:25:44.272,62744.272276,7.67
17:25:44.277,62744.277379,11.15
17:25:44.282,62744.282252,11.19
17:25:44.286,62744.287045,10.66
17:25:44.291,62744.291984,11.44
17:25:44.296,62744.296986,12.26
17:25:44.302,62744.302879,11.47
17:25:44.307,62744.308147,9.78
17:25:44.313,62744.313466,12.0
17:25:44.318,62744.318737,8.9
17:25:44.323,62744.323414,9.77
17:25:44.328,62744.328335,10.22
17:25:44.333,62744.333737,12.76
17:25:44.338,62744.338887,10.57
17:25:44.343,62744.34402,11.13
17:25:44.349,62744.349136,11.66
17:25:44.354,62744.354161,13.44
17:25:44.359,62744.359127,13.87
17:25:44.364,62744.364176,10.01
17:25:44.369,62744.369137,10.96
17:25:44.373,62744.373753,11.82
17:25:44.378,62744.378842,11.37
17:25:44.384,62744.38423,11.4
17:25:44.389,62744.38962,11.46
17:25:44.395,62744.395322,11.56
17:25:44.400,62744.400939,12.88
17:25:44.405,62744.405159,11.63
17:25:44.409,62744.409406,11.71
17:25:44.414,62744.414768,11.81
17:25:44.419,62744.419811,10.59
17:25:44.424,62744.425051,11.08
17:25:44.430,62744.430862,37.41
17:25:44.436,62744.436533,11.38
17:25:44.442,62744.442398,12.32
17:25:44.449,62744.449382,38.22
17:25:44.456,62744.456479,37.4
17:25:44.462,62744.463117,39.52
17:25:44.468,62744.468998,38.21
17:25:44.474,62744.475071,36.94
17:25:44.482,62744.482378,39.52
17:25:44.489,62744.489221,37.38
17:25:44.496,62744.496424,37.85
17:25:44.503,62744.503545,37.84
17:25:44.510,62744.510964,37.83
17:25:44.518,62744.518244,38.27
17:25:44.524,62744.524811,37.24
17:25:44.531,62744.531299,38.28
17:25:44.537,62744.538065,38.25
17:25:44.544,62744.54473,38.26
17:25:44.551,62744.551517,38.26
17:25:44.557,62744.557957,37.9
17:25:44.564,62744.56446,37.82
17:25:44.570,62744.570962,37.87
17:25:44.577,62744.57766,37.81
17:25:44.584,62744.584482,37.83
17:25:44.591,62744.591438,37.83
17:25:44.598,62744.598868,37.8
17:25:44.606,62744.6069,37.85
17:25:44.613,62744.613899,38.26
17:25:44.620,62744.620622,37.87
17:25:44.626,62744.62652,37.84
17:25:44.632,62744.632348,37.79
17:25:44.638,62744.638139,37.83
17:25:44.643,62744.644195,37.85
17:25:44.650,62744.650472,37.83
17:25:44.656,62744.656267,38.24
17:25:44.662,62744.662221,37.76
17:25:44.667,62744.668015,37.81
17:25:44.673,62744.673802,37.84
17:25:44.695,62744.696025,38.26
17:25:44.702,62744.702205,38.26
17:25:44.708,62744.708637,38.24
17:25:44.714,62744.714942,37.81
17:25:44.721,62744.721818,37.86
17:25:44.727,62744.727693,37.81
17:25:44.733,62744.733927,37.82
17:25:44.739,62744.739803,38.22
17:25:44.745,62744.745638,37.83
17:25:44.751,62744.751692,38.24
17:25:44.757,62744.757634,38.64
17:25:44.763,62744.763439,38.23
17:25:44.769,62744.769125,38.28
17:25:44.774,62744.774755,38.26
17:25:44.780,62744.780715,38.29
17:25:44.786,62744.787032,38.24
17:25:44.793,62744.79325,38.26
17:25:44.799,62744.799179,38.24
17:25:44.805,62744.805368,38.26
17:25:44.812,62744.812176,38.27
17:25:44.818,62744.818149,38.22
17:25:44.823,62744.823969,38.45
17:25:44.829,62744.829609,37.84
17:25:44.835,62744.835242,37.81
17:25:44.840,62744.84102,37.85
17:25:44.846,62744.846598,37.87
17:25:44.852,62744.852231,38.27
17:25:44.857,62744.858086,38.25
17:25:44.864,62744.864113,37.82
17:25:44.869,62744.869814,37.83
17:25:44.875,62744.87601,37.86
17:25:44.882,62744.882341,37.85
17:25:44.888,62744.888369,37.88
17:25:44.894,62744.894655,37.81
17:25:44.900,62744.900326,37.87
17:25:44.905,62744.905937,38.27
17:25:44.911,62744.912004,37.85
17:25:44.917,62744.917697,38.26
17:25:44.923,62744.923354,38.27
17:25:44.928,62744.929067,39.47
17:25:44.934,62744.93509,37.84
17:25:44.940,62744.940951,37.85
17:25:44.946,62744.947041,37.83
17:25:44.953,62744.953464,38.58
17:25:44.959,62744.959335,37.84
17:25:44.965,62744.965983,37.87
17:25:44.971,62744.971943,37.84
17:25:44.977,62744.97763,37.9
17:25:44.983,62744.983321,38.26
17:25:44.988,62744.988962,37.81
17:25:44.994,62744.994575,38.23
17:25:45.000,62745.000326,37.81
17:25:45.006,62745.006399,37.83
17:25:45.012,62745.012195,39.15
17:25:45.018,62745.018464,38.27
17:25:45.024,62745.024632,37.82
17:25:45.030,62745.030664,37.88
17:25:45.036,62745.036254,37.85
17:25:45.041,62745.041943,37.95
17:25:45.048,62745.048428,37.86
17:25:45.054,62745.054349,37.84
17:25:45.060,62745.060268,38.45
17:25:45.065,62745.066066,37.82
17:25:45.071,62745.071871,37.85
17:25:45.077,62745.07764,37.82
17:25:45.083,62745.083185,37.87
17:25:45.088,62745.089042,37.83
17:25:45.094,62745.095048,37.88
17:25:45.101,62745.101375,37.81
17:25:45.107,62745.107276,37.85
17:25:45.112,62745.112898,37.81
17:25:45.118,62745.118718,37.85
17:25:45.125,62745.125377,37.85
17:25:45.131,62745.131768,38.26
17:25:45.137,62745.137751,37.87
17:25:45.143,62745.143575,37.82
17:25:45.149,62745.149976,37.81
17:25:45.156,62745.15618,37.83
17:25:45.162,62745.162345,37.86
17:25:45.168,62745.168225,37.82
17:25:45.173,62745.173979,38.26
17:25:45.180,62745.180232,37.82
17:25:45.185,62745.186114,37.81
17:25:45.191,62745.192058,40.39
17:25:45.197,62745.1978,37.83
17:25:45.203,62745.203431,37.85
17:25:45.209,62745.209142,38.26
17:25:45.214,62745.214759,37.83
17:25:45.220,62745.220377,37.81
17:25:45.225,62745.225992,37.81
17:25:45.231,62745.231631,37.85
17:25:45.237,62745.237882,37.85
17:25:45.243,62745.243984,37.86
17:25:45.249,62745.249805,37.81
17:25:45.255,62745.255875,37.85
17:25:45.261,62745.262044,37.86
17:25:45.268,62745.268524,37.8
17:25:45.274,62745.274434,37.87
17:25:45.280,62745.280356,38.22
17:25:45.286,62745.286545,36.18
17:25:45.292,62745.292651,37.82
17:25:45.298,62745.298675,39.12
17:25:45.304,62745.304958,37.81
17:25:45.311,62745.311215,37.81
17:25:45.317,62745.317655,37.83
17:25:45.323,62745.32347,37.88
17:25:45.329,62745.329142,37.87
17:25:45.335,62745.33534,37.81
17:25:45.341,62745.341418,37.82
17:25:45.347,62745.34729,37.84
17:25:45.352,62745.35305,37.84
17:25:45.358,62745.358747,37.82
17:25:45.365,62745.365149,38.25
17:25:45.371,62745.371706,37.79
17:25:45.377,62745.378004,37.79
17:25:45.383,62745.384011,37.88
17:25:45.390,62745.39034,37.83
17:25:45.396,62745.396176,37.83
17:25:45.401,62745.402081,37.85
17:25:45.407,62745.408018,38.48
17:25:45.413,62745.414007,37.88
17:25:45.419,62745.4198,37.85
17:25:45.425,62745.425492,38.24
17:25:45.431,62745.431383,39.16
17:25:45.437,62745.437287,38.37
17:25:45.443,62745.443502,37.83
17:25:45.449,62745.449745,38.24
17:25:45.455,62745.455901,37.83
17:25:45.461,62745.462052,37.85
17:25:45.468,62745.468445,37.85
17:25:45.474,62745.474368,38.27
17:25:45.480,62745.480386,37.82
17:25:45.486,62745.486472,37.86
17:25:45.492,62745.492471,37.88
17:25:45.498,62745.498251,37.85
17:25:45.503,62745.503975,37.83
17:25:45.509,62745.509551,37.83
17:25:45.515,62745.515483,37.86
17:25:45.521,62745.521979,37.86
17:25:45.527,62745.527783,37.54
17:25:45.533,62745.533788,37.83
17:25:45.539,62745.539988,37.82
17:25:45.546,62745.546794,37.88
17:25:45.552,62745.552864,38.3
17:25:45.558,62745.558678,37.83
17:25:45.564,62745.56432,37.84
17:25:45.569,62745.570046,37.82
17:25:45.575,62745.575945,37.86
17:25:45.581,62745.581584,38.23
17:25:45.587,62745.58718,37.85
17:25:45.592,62745.593059,37.81
17:25:45.598,62745.599061,38.18
17:25:45.604,62745.604857,37.84
17:25:45.610,62745.611054,39.16
17:25:45.617,62745.617613,39.14
17:25:45.623,62745.623799,38.21
17:25:45.630,62745.63027,37.85
17:25:45.636,62745.636159,37.86
17:25:45.641,62745.641899,37.87
17:25:45.647,62745.647971,36.49
17:25:45.653,62745.653712,37.85
17:25:45.659,62745.659424,37.82
17:25:45.665,62745.665215,38.67
17:25:45.670,62745.671066,37.81
17:25:45.677,62745.677281,38.28
17:25:45.683,62745.683326,37.86
17:25:45.689,62745.689483,37.8
17:25:45.695,62745.695691,38.27
17:25:45.701,62745.701981,38.28
17:25:45.707,62745.707788,38.24
17:25:45.713,62745.713603,38.29
17:25:45.719,62745.719584,37.81
17:25:45.725,62745.72544,36.89
17:25:45.731,62745.731208,37.82
17:25:45.736,62745.737015,37.83
17:25:45.743,62745.743447,37.79
17:25:45.749,62745.749156,39.13
17:25:45.754,62745.754805,38.24
17:25:45.760,62745.760769,37.84
17:25:45.766,62745.766522,37.85
17:25:45.772,62745.772704,37.81
17:25:45.778,62745.779211,38.28
17:25:45.785,62745.785408,37.79
17:25:45.791,62745.791616,38.24
17:25:45.797,62745.797684,37.79
17:25:45.803,62745.804061,38.26
17:25:45.809,62745.809825,37.83
17:25:45.815,62745.815611,38.25
17:25:45.821,62745.821848,37.83
17:25:45.827,62745.827922,38.27
17:25:45.833,62745.834041,37.84
17:25:45.839,62745.83978,37.33
17:25:45.845,62745.8461,36.91
17:25:45.851,62745.852109,37.83
17:25:45.858,62745.858699,38.67
17:25:45.864,62745.864549,38.67
17:25:45.870,62745.870444,36.94
17:25:45.876,62745.876686,37.84
17:25:45.882,62745.882601,37.38
17:25:45.888,62745.888317,39.08
17:25:45.893,62745.893926,38.2
17:25:45.899,62745.899637,38.15
17:25:45.905,62745.905566,38.21
17:25:45.911,62745.911359,37.27
17:25:45.917,62745.917415,38.64
17:25:45.923,62745.923447,37.72
17:25:45.929,62745.929534,37.36
17:25:45.935,62745.935499,37.27
17:25:45.941,62745.941432,36.83
17:25:45.946,62745.947135,37.72
17:25:45.953,62745.95385,39.04
17:25:45.959,62745.959734,37.75
17:25:45.965,62745.965613,36.82
17:25:45.971,62745.971239,36.34
17:25:45.976,62745.977013,37.72
17:25:45.982,62745.982567,37.74
17:25:45.988,62745.988179,38.14
17:25:45.993,62745.99377,37.28
17:25:45.999,62745.999516,39.94
17:25:46.005,62746.005183,37.79
17:25:46.011,62746.011299,38.65
17:25:46.017,62746.017395,38.21
17:25:46.023,62746.023291,38.3
17:25:46.028,62746.029052,35.69
17:25:46.034,62746.035124,37.83
17:25:46.040,62746.040908,37.9
17:25:46.046,62746.046902,38.7
17:25:46.065,62746.065718,37.85
17:25:46.071,62746.071273,36.63
17:25:46.076,62746.077035,37.47
17:25:46.083,62746.084078,55.47
17:25:46.089,62746.089807,40.11
17:25:46.095,62746.095382,37.99
17:25:46.100,62746.101062,38.49
17:25:46.107,62746.107231,38.01
17:25:46.113,62746.113114,36.75
17:25:46.120,62746.120126,53.43
17:25:46.126,62746.126831,38.59
17:25:46.132,62746.132925,38.09
17:25:46.139,62746.139672,55.66
17:25:46.145,62746.145494,36.89
17:25:46.152,62746.152226,54.48
17:25:46.158,62746.158911,53.19
17:25:46.165,62746.165668,54.89
17:25:46.172,62746.172591,55.74
17:25:46.178,62746.178597,39.31
17:25:46.185,62746.185992,55.76
17:25:46.192,62746.193038,55.72
17:25:46.200,62746.200238,56.64
17:25:46.207,62746.2072,55.65
17:25:46.213,62746.213138,38.13
17:25:46.219,62746.220191,55.72
17:25:46.227,62746.227162,54.86
17:25:46.234,62746.23443,56.5
17:25:46.241,62746.24176,56.89
17:25:46.248,62746.248874,56.0
17:25:46.256,62746.25627,55.56
17:25:46.262,62746.262314,38.46
17:25:46.268,62746.269146,55.54
17:25:46.276,62746.276574,55.89
17:25:46.283,62746.283406,55.87
17:25:46.290,62746.290262,55.43
17:25:46.295,62746.296087,36.97
17:25:46.302,62746.302886,55.37
17:25:46.309,62746.309863,55.35
17:25:46.316,62746.316618,54.88
17:25:46.323,62746.323704,55.73
17:25:46.329,62746.329643,39.81
17:25:46.336,62746.336388,54.34
17:25:46.343,62746.343359,55.13
17:25:46.349,62746.350005,53.89
17:25:46.356,62746.356787,53.82
17:25:46.362,62746.362855,42.14
17:25:46.369,62746.369671,54.7
17:25:46.376,62746.37654,55.6
17:25:46.383,62746.383483,55.11
17:25:46.390,62746.390787,54.2
17:25:46.397,62746.397636,55.15
17:25:46.403,62746.404022,40.35
17:25:46.410,62746.410978,55.09
17:25:46.417,62746.417665,55.11
17:25:46.425,62746.425369,54.64
17:25:46.431,62746.432094,53.85
17:25:46.437,62746.43809,41.43
17:25:46.444,62746.444911,54.66
17:25:46.451,62746.451752,54.68
17:25:46.458,62746.45853,54.75
17:25:46.465,62746.465342,54.74
17:25:46.472,62746.472598,54.33
17:25:46.478,62746.478856,43.49
17:25:46.485,62746.486009,55.18
17:25:46.492,62746.492639,55.21
17:25:46.499,62746.499528,54.82
17:25:46.506,62746.506415,54.81
17:25:46.512,62746.512558,44.17
17:25:46.519,62746.519622,54.88
17:25:46.526,62746.526825,55.36
17:25:46.533,62746.534012,54.95
17:25:46.540,62746.540919,55.36
17:25:46.547,62746.547562,54.99
17:25:46.553,62746.553538,39.63
17:25:46.560,62746.560389,54.97
17:25:46.567,62746.567192,55.05
17:25:46.573,62746.574072,54.97
17:25:46.581,62746.581238,55.01
17:25:46.587,62746.588,51.16
17:25:46.594,62746.594738,54.7
17:25:46.601,62746.601959,55.58
17:25:46.608,62746.608872,55.1
17:25:46.615,62746.61553,55.67
17:25:46.621,62746.621467,37.55
17:25:46.628,62746.628734,55.29
17:25:46.635,62746.635767,55.29
17:25:46.642,62746.642796,55.35
17:25:46.649,62746.650016,55.33
17:25:46.657,62746.657236,55.81
17:25:46.664,62746.664187,55.91
17:25:46.670,62746.670756,43.55
17:25:46.677,62746.677693,55.44
17:25:46.684,62746.68458,55.92
17:25:46.691,62746.69148,55.98
17:25:46.698,62746.698601,55.61
17:25:46.704,62746.704458,36.91
17:25:46.711,62746.711376,56.5
17:25:46.718,62746.718405,55.72
17:25:46.725,62746.725281,55.75
17:25:46.732,62746.732249,55.73
17:25:46.739,62746.73977,55.73
17:25:46.745,62746.745953,43.84
17:25:46.752,62746.752807,56.72
17:25:46.759,62746.75954,56.34
17:25:46.766,62746.766624,56.74
17:25:46.773,62746.773353,55.89
17:25:46.779,62746.779194,38.42
17:25:46.786,62746.786191,56.37
17:25:46.793,62746.793379,56.86
17:25:46.800,62746.800707,56.5
17:25:46.807,62746.80763,56.08
17:25:46.814,62746.814671,56.54
17:25:46.820,62746.820665,37.77
17:25:46.827,62746.827601,56.61
17:25:46.834,62746.834337,56.62
17:25:46.840,62746.841044,55.85
17:25:46.847,62746.847998,56.05
17:25:46.854,62746.85462,48.41
17:25:46.861,62746.86203,56.7
17:25:46.868,62746.8691,56.79
17:25:46.876,62746.876354,52.26
17:25:46.883,62746.883162,55.67
17:25:46.891,62746.891303,56.45
17:25:46.898,62746.898185,56.16
17:25:46.903,62746.903985,38.3
17:25:46.910,62746.9108,56.19
17:25:46.918,62746.91847,56.65
17:25:46.925,62746.925329,55.81
17:25:46.932,62746.932393,57.19
17:25:46.939,62746.939369,57.11
17:25:46.945,62746.945328,38.2
17:25:46.952,62746.952244,57.26
17:25:46.959,62746.959214,57.33
17:25:46.966,62746.96687,57.32
17:25:46.973,62746.973868,57.35
17:25:46.979,62746.979854,41.21
17:25:46.986,62746.986593,57.01
17:25:46.993,62746.993674,55.83
17:25:47.000,62747.000696,57.08
17:25:47.007,62747.007683,57.2
17:25:47.014,62747.014853,57.18
17:25:47.021,62747.021198,37.16
17:25:47.028,62747.028356,57.71
17:25:47.035,62747.035552,57.35
17:25:47.043,62747.043228,57.84
17:25:47.050,62747.050228,57.49
17:25:47.056,62747.056972,57.16
17:25:47.063,62747.063312,46.06
17:25:47.070,62747.07023,53.64
17:25:47.077,62747.077188,57.28
17:25:47.084,62747.084243,57.74
17:25:47.091,62747.091876,57.35
17:25:47.099,62747.099342,56.97
17:25:47.104,62747.104852,35.5
17:25:47.111,62747.111771,57.53
17:25:47.118,62747.119114,57.47
17:25:47.126,62747.126629,57.16
17:25:47.133,62747.134073,57.62
17:25:47.141,62747.141323,57.64
17:25:47.148,62747.148389,57.19
17:25:47.154,62747.154618,38.03
17:25:47.161,62747.16158,58.13
17:25:47.168,62747.168884,57.69
17:25:47.176,62747.176517,57.39
17:25:47.183,62747.183498,58.2
17:25:47.190,62747.190518,57.37
17:25:47.196,62747.196332,37.67
17:25:47.203,62747.203247,57.47
17:25:47.209,62747.209807,44.63
17:25:47.216,62747.216718,58.36
17:25:47.223,62747.223739,57.92
17:25:47.231,62747.231669,58.36
17:25:47.237,62747.23769,39.89
17:25:47.244,62747.244504,56.73
17:25:47.251,62747.251441,57.6
17:25:47.258,62747.258462,57.98
17:25:47.265,62747.265339,58.01
17:25:47.272,62747.273033,57.69
17:25:47.279,62747.27941,41.78
17:25:47.286,62747.286576,58.05
17:25:47.293,62747.29363,57.68
17:25:47.300,62747.300825,57.31
17:25:47.307,62747.307848,56.54
17:25:47.314,62747.314769,57.73
17:25:47.320,62747.320524,37.93
17:25:47.327,62747.32781,57.31
17:25:47.334,62747.334898,57.74
17:25:47.341,62747.341944,55.68
17:25:47.349,62747.349407,58.18
17:25:47.356,62747.356507,58.57
17:25:47.362,62747.362856,41.71
17:25:47.370,62747.37015,57.82
17:25:47.376,62747.377024,57.34
17:25:47.383,62747.383707,56.54
17:25:47.390,62747.390856,57.76
17:25:47.397,62747.398024,57.82
17:25:47.403,62747.404036,38.84
17:25:47.411,62747.411208,58.59
17:25:47.418,62747.418393,57.76
17:25:47.425,62747.425821,57.36
17:25:47.432,62747.432923,57.33
17:25:47.439,62747.439949,57.33
17:25:47.445,62747.44579,38.23
17:25:47.452,62747.452755,57.32
17:25:47.458,62747.459042,45.64
17:25:47.465,62747.466015,56.88
17:25:47.472,62747.472855,56.91
17:25:47.478,62747.478857,44.79
17:25:47.485,62747.485997,57.37
17:25:47.492,62747.49293,57.35
17:25:47.499,62747.500116,57.7
17:25:47.507,62747.507196,57.68
17:25:47.514,62747.514638,58.14
17:25:47.521,62747.521542,57.29
17:25:47.528,62747.528438,57.7
17:25:47.535,62747.535198,57.74
17:25:47.541,62747.542019,57.33
17:25:47.548,62747.548916,57.3
17:25:47.555,62747.555841,57.33
17:25:47.562,62747.5629,57.7
17:25:47.570,62747.570122,57.72
17:25:47.576,62747.577113,57.7
17:25:47.583,62747.584112,58.05
17:25:47.591,62747.591628,58.06
17:25:47.598,62747.598672,58.46
17:25:47.605,62747.605627,58.05
17:25:47.612,62747.612385,57.68
17:25:47.619,62747.619327,57.63
17:25:47.626,62747.626285,57.29
17:25:47.633,62747.63318,57.7
17:25:47.640,62747.640309,58.08
17:25:47.647,62747.647318,57.66
17:25:47.654,62747.654591,58.09
17:25:47.661,62747.661464,58.07
17:25:47.668,62747.669023,57.64
17:25:47.675,62747.676113,57.65
17:25:47.682,62747.683053,57.68
17:25:47.690,62747.690131,57.63
17:25:47.697,62747.697459,57.65
17:25:47.704,62747.704653,57.69
17:25:47.711,62747.711604,57.67
17:25:47.718,62747.718519,57.68
17:25:47.725,62747.72566,57.71
17:25:47.733,62747.733418,57.65
17:25:47.740,62747.740605,57.65
17:25:47.747,62747.747633,57.63
17:25:47.754,62747.754828,57.65
17:25:47.761,62747.761934,57.65
17:25:47.769,62747.769324,57.65
17:25:47.776,62747.7765,57.62
17:25:47.783,62747.783243,57.67
17:25:47.789,62747.790039,57.23
17:25:47.796,62747.797061,57.22
17:25:47.803,62747.804062,57.63
17:25:47.810,62747.810997,57.68
17:25:47.817,62747.817989,57.62
17:25:47.825,62747.825329,57.28
17:25:47.832,62747.832569,57.68
17:25:47.839,62747.839721,57.67
17:25:47.847,62747.847412,57.68
17:25:47.854,62747.854539,57.64
17:25:47.861,62747.861493,57.64
17:25:47.868,62747.868572,57.71
17:25:47.875,62747.875899,57.26
17:25:47.882,62747.882826,57.65
17:25:47.889,62747.889879,57.7
17:25:47.897,62747.89714,57.64
17:25:47.904,62747.904393,57.69
17:25:47.911,62747.911293,57.63
17:25:47.918,62747.918283,57.67
17:25:47.925,62747.925174,57.26
17:25:47.932,62747.932132,57.65
17:25:47.938,62747.939109,57.67
17:25:47.946,62747.94634,57.26
17:25:47.953,62747.953595,58.09
17:25:47.960,62747.960694,57.68
17:25:47.967,62747.96757,57.25
17:25:47.974,62747.974592,57.68
17:25:47.981,62747.981606,57.67
17:25:47.988,62747.988627,58.09
17:25:47.995,62747.99594,57.65
17:25:48.003,62748.003212,58.1
17:25:48.010,62748.010413,58.47
17:25:48.017,62748.017499,57.27
17:25:48.024,62748.024669,58.02
17:25:48.031,62748.031724,57.26
17:25:48.038,62748.038899,57.69
17:25:48.045,62748.046087,57.64
17:25:48.053,62748.053163,57.7
17:25:48.060,62748.060305,58.49
17:25:48.067,62748.067879,58.01
17:25:48.075,62748.075396,57.6
17:25:48.082,62748.083045,57.63
17:25:48.090,62748.090177,57.99
17:25:48.097,62748.097222,57.99
17:25:48.104,62748.104361,58.0
17:25:48.111,62748.111746,58.43
17:25:48.118,62748.11899,58.45
17:25:48.125,62748.126013,58.02
17:25:48.133,62748.133249,57.6
17:25:48.140,62748.140537,58.44
17:25:48.147,62748.147539,58.02
17:25:48.154,62748.154578,58.0
17:25:48.161,62748.161856,58.44
17:25:48.169,62748.16921,58.05
17:25:48.176,62748.176255,58.0
17:25:48.183,62748.183775,57.64
17:25:48.190,62748.191204,58.41
17:25:48.198,62748.198309,58.07
17:25:48.205,62748.205945,58.08
17:25:48.212,62748.21298,58.5
17:25:48.219,62748.219809,58.45
17:25:48.226,62748.226863,58.03
17:25:48.233,62748.234056,58.03
17:25:48.240,62748.241102,58.02
17:25:48.248,62748.248311,58.01
17:25:48.255,62748.25581,57.6
17:25:48.262,62748.262899,57.62
17:25:48.269,62748.269981,57.62
17:25:48.276,62748.276996,58.05
17:25:48.283,62748.284001,58.03
17:25:48.290,62748.290994,58.45
17:25:48.297,62748.298093,57.99
17:25:48.305,62748.305178,57.99
17:25:48.312,62748.312413,58.02
17:25:48.319,62748.319605,57.98
17:25:48.326,62748.326875,58.03
17:25:48.334,62748.334642,57.6
17:25:48.341,62748.341664,57.99
17:25:48.348,62748.348778,58.44
17:25:48.355,62748.356146,57.64
17:25:48.363,62748.363327,58.47
17:25:48.370,62748.370624,58.44
17:25:48.377,62748.377919,58.4
17:25:48.384,62748.38478,58.04
17:25:48.391,62748.391892,58.48
17:25:48.399,62748.399727,58.44
17:25:48.406,62748.406749,57.62
17:25:48.413,62748.413756,57.64
17:25:48.420,62748.420871,58.02
17:25:48.428,62748.428255,57.98
17:25:48.435,62748.435536,57.98
17:25:48.442,62748.44286,58.47
17:25:48.449,62748.449765,58.04
17:25:48.457,62748.457308,58.02
17:25:48.464,62748.464617,57.6
17:25:48.472,62748.472143,58.05
17:25:48.479,62748.47922,58.02
17:25:48.486,62748.486588,58.03
17:25:48.493,62748.493717,58.49
17:25:48.501,62748.501173,58.51
17:25:48.507,62748.508103,57.82
17:25:48.514,62748.515136,58.45
17:25:48.522,62748.522849,58.43
17:25:48.529,62748.529762,58.41
17:25:48.536,62748.536766,58.04
17:25:48.543,62748.543617,57.6
17:25:48.550,62748.55089,58.01
17:25:48.558,62748.558309,57.99
17:25:48.565,62748.565515,57.6
17:25:48.572,62748.572671,57.98
17:25:48.579,62748.579621,57.58
17:25:48.586,62748.586638,58.02
17:25:48.593,62748.594105,57.61
17:25:48.601,62748.601125,58.01
17:25:48.608,62748.608279,57.63
17:25:48.615,62748.615473,57.58
17:25:48.622,62748.622858,57.6
17:25:48.630,62748.630497,57.6
17:25:48.637,62748.63733,57.98
17:25:48.644,62748.644256,58.47
17:25:48.651,62748.651943,58.0
17:25:48.658,62748.659288,58.03
17:25:48.666,62748.666755,58.03
17:25:48.673,62748.673688,58.08
17:25:48.680,62748.680583,58.4
17:25:48.687,62748.688002,58.04
17:25:48.694,62748.695017,58.04
17:25:48.702,62748.702195,57.99
17:25:48.708,62748.709031,58.02
17:25:48.715,62748.716021,57.81
17:25:48.722,62748.722841,58.01
17:25:48.729,62748.729639,57.98
17:25:48.736,62748.736563,58.04
17:25:48.743,62748.743568,57.62
17:25:48.750,62748.750643,58.03
17:25:48.757,62748.758093,58.09
17:25:48.765,62748.76523,57.65
17:25:48.772,62748.772266,57.62
17:25:48.779,62748.779275,58.43
17:25:48.786,62748.78612,58.03
17:25:48.792,62748.793047,58.05
17:25:48.799,62748.800072,57.58
17:25:48.806,62748.80711,57.61
17:25:48.814,62748.814665,58.04
17:25:48.821,62748.821845,57.59
17:25:48.829,62748.829127,57.61
17:25:48.836,62748.836292,57.61
17:25:48.843,62748.843398,58.43
17:25:48.850,62748.850223,57.6
17:25:48.857,62748.857252,58.01
17:25:48.864,62748.864373,58.0
17:25:48.871,62748.87136,58.41
17:25:48.878,62748.878486,58.02
17:25:48.885,62748.885657,58.02
17:25:48.892,62748.892575,58.01
17:25:48.899,62748.899642,58.01
17:25:48.906,62748.907019,58.03
17:25:48.914,62748.914368,58.0
17:25:48.921,62748.921198,57.64
17:25:48.928,62748.928239,58.44
17:25:48.935,62748.935341,58.0
17:25:48.942,62748.942596,57.25
17:25:48.949,62748.949706,57.22
17:25:48.956,62748.956743,58.45
17:25:48.963,62748.963955,57.6
17:25:48.970,62748.971048,58.0
17:25:48.977,62748.977974,58.01
17:25:48.985,62748.985462,57.58
17:25:48.992,62748.992765,58.03
17:25:49.000,62749.000556,58.06
17:25:49.007,62749.007723,57.66
17:25:49.014,62749.014872,58.01
17:25:49.022,62749.022133,58.05
17:25:49.029,62749.029396,58.03
17:25:49.036,62749.036561,58.05
17:25:49.043,62749.043593,58.0
17:25:49.050,62749.050545,57.6
17:25:49.057,62749.057577,58.43
17:25:49.064,62749.064843,57.62
17:25:49.071,62749.072023,57.59
17:25:49.078,62749.079137,58.05
17:25:49.086,62749.086322,58.04
17:25:49.093,62749.093193,57.6
17:25:49.100,62749.100144,57.63
17:25:49.107,62749.107233,57.56
17:25:49.114,62749.114344,58.02
17:25:49.121,62749.121478,57.98
17:25:49.128,62749.128741,58.02
17:25:49.135,62749.136015,58.27
17:25:49.143,62749.143182,58.03
17:25:49.149,62749.15012,57.61
17:25:49.157,62749.157844,57.6
17:25:49.164,62749.164913,57.62
17:25:49.171,62749.171954,58.49
17:25:49.178,62749.178958,57.98
17:25:49.186,62749.186145,58.01
17:25:49.193,62749.193414,58.44
17:25:49.200,62749.200567,58.03
17:25:49.207,62749.207994,57.87
17:25:49.214,62749.215084,58.43
17:25:49.222,62749.222141,58.43
17:25:49.229,62749.229558,58.38
17:25:49.236,62749.23657,58.0
17:25:49.243,62749.243544,57.97
17:25:49.250,62749.250716,57.6
17:25:49.257,62749.258016,57.6
17:25:49.265,62749.265457,58.0
17:25:49.272,62749.272337,58.01
17:25:49.279,62749.279396,58.04
17:25:49.287,62749.28751,58.0
17:25:49.294,62749.294639,58.02
17:25:49.301,62749.301695,58.49
17:25:49.308,62749.308676,58.48
17:25:49.315,62749.315703,58.43
17:25:49.322,62749.322817,58.49
17:25:49.329,62749.329966,58.01
17:25:49.336,62749.337013,58.46
17:25:49.344,62749.344248,58.06
17:25:49.351,62749.351613,57.65
17:25:49.358,62749.358636,57.58
17:25:49.365,62749.365356,58.03
17:25:49.372,62749.372148,58.0
17:25:49.379,62749.379162,57.99
17:25:49.386,62749.386153,57.57
17:25:49.392,62749.393115,58.02
17:25:49.399,62749.400032,58.05
17:25:49.406,62749.406979,58.43
17:25:49.413,62749.414192,57.98
17:25:49.421,62749.421702,58.03
17:25:49.428,62749.428669,58.06
17:25:49.435,62749.435951,58.0
17:25:49.442,62749.44285,58.0
17:25:49.450,62749.450184,58.01
17:25:49.457,62749.457433,57.61
17:25:49.464,62749.464881,57.58
17:25:49.471,62749.471798,58.05
17:25:49.478,62749.478725,58.03
17:25:49.485,62749.485964,58.0
17:25:49.493,62749.493377,58.05
17:25:49.500,62749.500594,58.0
17:25:49.507,62749.507639,58.06
17:25:49.514,62749.514923,58.44
17:25:49.521,62749.521974,58.01
17:25:49.528,62749.529084,58.0
17:25:49.536,62749.536245,58.02
17:25:49.543,62749.54315,58.07
17:25:49.549,62749.550018,58.03
17:25:49.556,62749.556829,58.41
17:25:49.563,62749.563797,58.03
17:25:49.570,62749.570776,57.99
17:25:49.577,62749.577878,57.61
17:25:49.584,62749.584925,57.56
17:25:49.591,62749.59213,58.07
17:25:49.599,62749.599548,58.03
17:25:49.606,62749.606867,57.98
17:25:49.613,62749.613939,58.0
17:25:49.620,62749.620787,58.01
17:25:49.627,62749.627621,58.47
17:25:49.634,62749.634796,57.58
17:25:49.642,62749.642297,58.42
17:25:49.649,62749.649199,57.67
17:25:49.655,62749.655989,58.02
17:25:49.662,62749.66309,58.04
17:25:49.669,62749.670085,57.66
17:25:49.676,62749.677077,57.58
17:25:49.684,62749.684129,58.05
17:25:49.690,62749.69106,58.01
17:25:49.697,62749.697905,58.0
17:25:49.704,62749.704648,57.62
17:25:49.711,62749.711388,57.62
17:25:49.718,62749.718308,57.58
17:25:49.725,62749.725503,58.0
17:25:49.732,62749.732476,58.05
17:25:49.739,62749.739545,57.97
17:25:49.746,62749.746703,58.01
17:25:49.753,62749.753569,57.61
17:25:49.760,62749.76053,57.58
17:25:49.767,62749.76781,57.6
17:25:49.774,62749.774685,58.07
17:25:49.781,62749.781999,58.04
17:25:49.789,62749.789586,58.47
17:25:49.796,62749.79644,58.04
17:25:49.803,62749.80321,57.62
17:25:49.809,62749.810027,57.59
17:25:49.816,62749.81705,58.06
17:25:49.824,62749.824478,58.03
17:25:49.831,62749.831504,58.0
17:25:49.838,62749.838656,58.46
17:25:49.845,62749.845775,58.04
17:25:49.852,62749.852946,58.06
17:25:49.860,62749.860422,58.03
17:25:49.867,62749.867445,57.99
17:25:49.874,62749.874285,58.06
17:25:49.881,62749.881226,58.02
17:25:49.887,62749.887989,57.63
17:25:49.894,62749.894822,58.02
17:25:49.901,62749.901724,57.99
17:25:49.908,62749.908996,58.05
17:25:49.916,62749.916117,57.6
17:25:49.923,62749.923174,57.59
17:25:49.930,62749.930504,58.41
17:25:49.937,62749.937703,58.47
17:25:49.944,62749.944503,58.03
17:25:49.951,62749.951416,58.05
17:25:49.958,62749.958301,58.03
17:25:49.965,62749.9655,58.44
17:25:49.972,62749.972304,58.03
17:25:49.978,62749.979089,57.64
17:25:49.986,62749.986236,58.0
17:25:49.993,62749.993205,57.57
17:25:50.000,62750.000266,57.58
17:25:50.007,62750.00725,57.61
17:25:50.014,62750.014417,58.05
17:25:50.021,62750.022059,57.63
17:25:50.028,62750.029109,57.62
17:25:50.035,62750.035913,58.03
17:25:50.042,62750.042721,58.01
17:25:50.049,62750.04963,58.03
17:25:50.056,62750.056417,57.58
17:25:50.063,62750.063271,57.6
17:25:50.070,62750.070317,57.6
17:25:50.077,62750.077445,58.04
17:25:50.084,62750.084625,58.03
17:25:50.091,62750.092024,58.03
17:25:50.099,62750.099444,57.56
17:25:50.106,62750.10652,58.05
17:25:50.113,62750.113588,57.6
17:25:50.120,62750.120607,57.62
17:25:50.127,62750.127505,57.6
17:25:50.134,62750.134383,57.63
17:25:50.141,62750.141582,58.03
17:25:50.148,62750.148956,57.65
17:25:50.155,62750.156013,57.79
17:25:50.163,62750.163258,57.65
17:25:50.170,62750.170659,58.03
17:25:50.178,62750.178366,57.59
17:25:50.185,62750.185466,57.62
17:25:50.192,62750.192376,58.03
17:25:50.199,62750.199345,58.03
17:25:50.206,62750.206258,57.61
17:25:50.212,62750.213131,58.46
17:25:50.220,62750.22031,58.06
17:25:50.227,62750.227715,58.05
17:25:50.234,62750.23481,58.05
17:25:50.241,62750.241974,58.41
17:25:50.249,62750.249348,58.04
17:25:50.256,62750.256495,57.65
17:25:50.263,62750.263463,58.45
17:25:50.270,62750.270363,57.99
17:25:50.277,62750.277417,58.07
17:25:50.284,62750.284209,58.02
17:25:50.290,62750.290989,57.99
17:25:50.297,62750.297847,58.05
17:25:50.304,62750.304945,58.06
17:25:50.311,62750.312104,57.64
17:25:50.319,62750.319205,58.02
17:25:50.326,62750.326294,58.04
17:25:50.333,62750.333378,58.03
17:25:50.340,62750.340355,58.46
17:25:50.347,62750.347138,58.44
17:25:50.353,62750.353995,58.03
17:25:50.360,62750.360894,58.01
17:25:50.367,62750.367765,57.59
17:25:50.374,62750.374597,57.62
17:25:50.381,62750.381369,57.65
17:25:50.388,62750.388409,57.59
17:25:50.395,62750.395849,58.05
17:25:50.402,62750.402811,58.0
17:25:50.409,62750.409884,58.04
17:25:50.416,62750.41713,58.04
17:25:50.423,62750.424159,58.01
17:25:50.430,62750.431108,58.04
17:25:50.436,62750.436494,31.82
17:25:50.443,62750.443407,58.48
17:25:50.450,62750.450383,58.01
17:25:50.457,62750.45748,58.5
17:25:50.464,62750.464385,58.03
17:25:50.471,62750.471202,58.01
17:25:50.477,62750.478058,58.5
17:25:50.484,62750.485153,58.05
17:25:50.492,62750.492548,58.03
17:25:50.499,62750.499776,58.43
17:25:50.507,62750.507198,58.05
17:25:50.514,62750.514698,58.01
17:25:50.521,62750.521919,58.06
17:25:50.528,62750.528832,58.03
17:25:50.535,62750.536164,58.45
17:25:50.543,62750.543457,58.44
17:25:50.550,62750.550405,57.98
17:25:50.557,62750.557164,58.05
17:25:50.563,62750.564095,58.0
17:25:50.571,62750.571444,58.02
17:25:50.578,62750.578264,58.07
17:25:50.584,62750.585111,58.03
17:25:50.591,62750.592077,58.0
17:25:50.599,62750.599121,58.5
17:25:50.606,62750.606298,58.0
17:25:50.613,62750.613898,58.03
17:25:50.621,62750.621356,57.58
17:25:50.628,62750.628292,58.03
17:25:50.635,62750.635569,58.0
17:25:50.642,62750.642462,58.45
17:25:50.649,62750.649246,58.48
17:25:50.655,62750.656044,58.06
17:25:50.662,62750.663014,58.0
17:25:50.670,62750.67014,58.44
17:25:50.677,62750.677136,58.43
17:25:50.683,62750.684095,58.02
17:25:50.691,62750.691368,56.95
17:25:50.698,62750.698452,58.05
17:25:50.705,62750.705474,58.07
17:25:50.712,62750.712413,58.48
17:25:50.719,62750.719183,58.4
17:25:50.725,62750.726077,58.41
17:25:50.732,62750.73295,58.43
17:25:50.739,62750.73988,58.43
17:25:50.746,62750.746862,58.49
17:25:50.753,62750.753875,58.51
17:25:50.760,62750.76025,47.06
17:25:50.767,62750.767536,59.0
17:25:50.774,62750.775134,58.03
17:25:50.782,62750.782996,58.05
17:25:50.789,62750.790026,57.99
17:25:50.796,62750.797112,58.0
17:25:50.804,62750.804187,58.02
17:25:50.811,62750.811424,58.01
17:25:50.818,62750.819046,58.41
17:25:50.826,62750.826624,58.09
17:25:50.833,62750.833759,58.45
17:25:50.841,62750.841451,58.02
17:25:50.848,62750.848478,58.05
17:25:50.855,62750.855658,58.06
17:25:50.862,62750.862671,58.46
17:25:50.869,62750.869862,58.05
17:25:50.877,62750.877896,58.42
17:25:50.884,62750.885093,57.99
17:25:50.892,62750.892125,58.43
17:25:50.898,62750.899062,58.46
17:25:50.906,62750.906218,58.43
17:25:50.913,62750.913449,58.02
17:25:50.920,62750.920598,58.49
17:25:50.927,62750.927907,58.46
17:25:50.935,62750.935391,58.54
17:25:50.942,62750.942927,57.98
17:25:50.949,62750.950016,58.47
17:25:50.956,62750.957014,57.99
17:25:50.963,62750.964005,58.25
17:25:50.970,62750.97099,58.01
17:25:50.978,62750.978372,58.02
17:25:50.985,62750.985471,58.02
17:25:50.992,62750.992887,58.0
17:25:51.000,62751.000377,58.03
17:25:51.007,62751.007423,57.98
17:25:51.014,62751.014469,58.41
17:25:51.021,62751.02173,58.51
17:25:51.028,62751.029046,58.48
17:25:51.036,62751.036153,58.41
17:25:51.043,62751.043158,58.42
17:25:51.050,62751.050254,58.0
17:25:51.060,62751.060716,58.02
17:25:51.067,62751.067537,57.98
17:25:51.082,62751.08299,58.03
17:25:51.090,62751.090352,58.05
17:25:51.097,62751.097666,57.98
17:25:51.105,62751.105353,58.02
17:25:51.112,62751.112907,58.04
17:25:51.125,62751.126023,58.06
17:25:51.133,62751.133218,58.46
17:25:51.140,62751.140402,58.46
17:25:51.147,62751.148001,58.46
17:25:51.154,62751.154286,44.14
17:25:51.161,62751.161388,58.52
17:25:51.168,62751.168846,58.02
17:25:51.175,62751.176047,58.45
17:25:51.182,62751.182962,58.45
17:25:51.190,62751.190726,58.04
17:25:51.197,62751.19789,57.63
17:25:51.203,62751.203447,30.74
17:25:51.210,62751.210942,58.43
17:25:51.218,62751.218215,58.48
17:25:51.225,62751.225353,58.03
17:25:51.232,62751.23265,57.99
17:25:51.239,62751.239742,58.03
17:25:51.247,62751.247548,58.5
17:25:51.254,62751.254658,58.49
17:25:51.261,62751.261707,58.45
17:25:51.268,62751.268644,58.04
17:25:51.275,62751.276072,58.45
17:25:51.283,62751.283312,58.45
17:25:51.290,62751.290532,58.48
17:25:51.297,62751.297675,58.06
17:25:51.304,62751.304884,58.49
17:25:51.312,62751.312235,58.48
17:25:51.319,62751.319294,58.48
17:25:51.326,62751.326484,58.12
17:25:51.333,62751.333427,58.52
17:25:51.340,62751.340493,58.45
17:25:51.347,62751.34753,58.07
17:25:51.354,62751.354527,58.4
17:25:51.361,62751.361581,58.5
17:25:51.369,62751.369437,58.52
17:25:51.376,62751.37663,58.48
17:25:51.383,62751.383696,58.01
17:25:51.390,62751.391139,58.03
17:25:51.398,62751.398343,57.98
17:25:51.405,62751.405745,89.82
17:25:51.413,62751.413892,58.47
17:25:51.420,62751.420913,58.4
17:25:51.428,62751.428683,58.46
17:25:51.435,62751.436148,58.48
17:25:51.443,62751.443693,57.68
17:25:51.450,62751.450794,58.42
17:25:51.457,62751.457871,58.01
17:25:51.464,62751.46503,58.01
17:25:51.471,62751.472034,58.03
17:25:51.478,62751.47902,58.52
17:25:51.486,62751.486202,58.43
17:25:51.493,62751.493884,58.49
17:25:51.500,62751.500926,58.01
17:25:51.507,62751.508075,58.48
17:25:51.515,62751.51573,58.0
17:25:51.522,62751.522791,58.52
17:25:51.529,62751.529636,58.03
17:25:51.536,62751.536825,58.02
17:25:51.543,62751.543992,57.98
17:25:51.551,62751.551127,58.0
17:25:51.558,62751.558416,58.41
17:25:51.565,62751.566113,58.0
17:25:51.573,62751.573169,57.98
17:25:51.580,62751.580232,58.02
17:25:51.588,62751.588216,58.04
17:25:51.595,62751.595485,58.0
17:25:51.602,62751.602574,58.05
17:25:51.609,62751.609576,57.61
17:25:51.616,62751.616682,58.02
17:25:51.623,62751.623676,58.02
17:25:51.630,62751.630715,58.45
17:25:51.638,62751.63885,58.5
17:25:51.645,62751.646043,58.01
17:25:51.653,62751.653462,58.52
17:25:51.660,62751.660752,58.01
17:25:51.667,62751.668073,57.64
17:25:51.675,62751.675249,58.03
17:25:51.682,62751.682605,58.0
17:25:51.689,62751.689698,58.06
17:25:51.696,62751.696745,58.03
17:25:51.703,62751.703696,57.61
17:25:51.710,62751.710713,57.59
17:25:51.717,62751.718118,58.04
17:25:51.725,62751.72579,57.64
17:25:51.732,62751.732611,58.0
17:25:51.739,62751.739403,58.21
17:25:51.746,62751.746541,58.03
17:25:51.753,62751.753464,57.59
17:25:51.760,62751.760965,58.03
17:25:51.768,62751.768245,58.03
17:25:51.775,62751.775644,58.05
17:25:51.782,62751.782826,58.02
17:25:51.790,62751.790411,58.0
17:25:51.798,62751.798228,57.66
17:25:51.805,62751.805216,58.04
17:25:51.812,62751.812869,59.53
17:25:51.819,62751.819969,58.03
17:25:51.826,62751.826995,58.43
17:25:51.833,62751.834087,58.0
17:25:51.840,62751.841003,57.61
17:25:51.847,62751.848023,58.03
17:25:51.854,62751.854992,58.48
17:25:51.862,62751.862245,58.05
17:25:51.869,62751.870017,58.0
17:25:51.876,62751.87721,58.06
17:25:51.884,62751.884424,57.99
17:25:51.891,62751.891415,58.01
17:25:51.899,62751.899811,58.04
17:25:51.907,62751.907189,58.0
17:25:51.914,62751.914576,58.0
17:25:51.921,62751.921921,58.04
17:25:51.928,62751.929168,58.0
17:25:51.936,62751.936171,58.02
17:25:51.943,62751.943228,58.03
17:25:51.950,62751.950737,57.62
17:25:51.957,62751.958045,57.65
17:25:51.965,62751.965253,57.65
17:25:51.972,62751.97235,58.08
17:25:51.979,62751.979639,58.07
17:25:51.986,62751.986938,57.63
17:25:51.993,62751.99403,57.62
17:25:52.001,62752.001467,58.07
17:25:52.008,62752.008854,57.98
17:25:52.016,62752.016264,58.06
17:25:52.023,62752.023339,58.02
17:25:52.030,62752.030996,58.02
17:25:52.038,62752.038159,57.99
17:25:52.045,62752.045232,58.04
17:25:52.052,62752.052139,58.03
17:25:52.059,62752.059165,58.03
17:25:52.065,62752.066085,58.06
17:25:52.073,62752.073361,57.98
17:25:52.080,62752.080518,58.0
17:25:52.087,62752.087766,58.06
17:25:52.094,62752.09485,58.04
17:25:52.101,62752.101851,58.0
17:25:52.108,62752.108769,58.04
17:25:52.115,62752.116034,58.03
17:25:52.122,62752.123042,58.43
17:25:52.130,62752.130783,58.01
17:25:52.137,62752.137914,58.03
17:25:52.144,62752.144867,58.39
17:25:52.151,62752.151902,58.0
17:25:52.158,62752.158852,58.44
17:25:52.165,62752.166125,58.47
17:25:52.173,62752.173599,58.03
17:25:52.180,62752.180817,58.01
17:25:52.187,62752.188098,58.03
17:25:52.194,62752.195049,58.44
17:25:52.202,62752.202154,58.03
17:25:52.208,62752.209058,58.0
17:25:52.215,62752.216032,58.39
17:25:52.223,62752.223229,58.46
17:25:52.230,62752.230818,58.0
17:25:52.238,62752.238134,58.06
17:25:52.245,62752.245226,57.99
17:25:52.252,62752.253027,58.04
17:25:52.260,62752.260417,58.01
17:25:52.267,62752.267265,57.99
17:25:52.274,62752.274345,58.02
17:25:52.281,62752.281259,58.04
17:25:52.288,62752.288874,57.61
17:25:52.295,62752.295894,57.58
17:25:52.302,62752.302864,57.58
17:25:52.309,62752.309903,57.64
17:25:52.316,62752.317129,58.05
17:25:52.324,62752.324557,58.01
17:25:52.331,62752.331949,58.04
17:25:52.339,62752.339749,58.01
17:25:52.346,62752.346929,58.05
17:25:52.353,62752.354045,57.98
17:25:52.360,62752.361029,58.04
17:25:52.367,62752.367992,58.02
17:25:52.374,62752.375003,58.48
17:25:52.381,62752.382054,58.03
17:25:52.388,62752.38895,58.03
17:25:52.395,62752.395958,58.05
17:25:52.402,62752.402929,58.03
17:25:52.409,62752.40966,58.02
17:25:52.416,62752.416832,58.5
17:25:52.423,62752.423895,57.98
17:25:52.430,62752.430793,58.41
17:25:52.437,62752.438006,58.41
17:25:52.444,62752.445092,58.02
17:25:52.452,62752.452241,57.61
17:25:52.459,62752.459228,58.0
17:25:52.466,62752.46698,57.59
17:25:52.473,62752.474105,57.58
17:25:52.480,62752.481008,57.62
17:25:52.487,62752.488031,58.03
17:25:52.495,62752.49541,58.01
17:25:52.502,62752.502583,58.02
17:25:52.509,62752.50952,58.05
17:25:52.516,62752.516576,58.05
17:25:52.523,62752.523497,58.43
17:25:52.530,62752.530596,58.03
17:25:52.538,62752.53833,57.99
17:25:52.545,62752.545311,58.06
17:25:52.552,62752.552212,58.06
17:25:52.558,62752.559084,58.05
17:25:52.565,62752.566023,58.03
17:25:52.572,62752.573066,58.02
17:25:52.579,62752.580047,58.03
17:25:52.586,62752.587127,58.06
17:25:52.594,62752.59468,58.01
17:25:52.601,62752.601713,57.65
17:25:52.608,62752.608854,57.63
17:25:52.615,62752.615865,58.03
17:25:52.622,62752.622891,58.03
17:25:52.629,62752.629784,58.43
17:25:52.636,62752.63698,58.0
17:25:52.643,62752.644016,58.04
17:25:52.650,62752.65091,58.04
17:25:52.658,62752.65827,58.45
17:25:52.665,62752.665196,58.43
17:25:52.672,62752.672879,58.43
17:25:52.679,62752.680071,58.46
17:25:52.688,62752.688378,58.03
17:25:52.695,62752.695656,57.99
17:25:52.702,62752.703009,58.03
17:25:52.710,62752.710966,58.0
17:25:52.717,62752.71777,57.65
17:25:52.724,62752.724935,58.05
17:25:52.731,62752.732001,58.45
17:25:52.740,62752.740223,58.5
17:25:52.747,62752.74723,58.03
17:25:52.754,62752.754525,58.0
17:25:52.761,62752.761635,58.43
17:25:52.769,62752.769317,58.47
17:25:52.776,62752.776181,58.0
17:25:52.782,62752.782999,58.43
17:25:52.789,62752.790057,58.41
17:25:52.796,62752.797092,58.04
17:25:52.804,62752.804243,58.04
17:25:52.811,62752.811242,58.01
17:25:52.818,62752.818321,58.03
17:25:52.825,62752.825737,58.0
17:25:52.832,62752.832736,58.09
17:25:52.839,62752.839977,58.0
17:25:52.847,62752.847593,57.63
17:25:52.854,62752.854686,58.05
17:25:52.861,62752.861771,58.02
17:25:52.868,62752.868674,58.03
17:25:52.875,62752.875508,57.99
17:25:52.882,62752.882357,58.06
17:25:52.889,62752.889117,57.62
17:25:52.895,62752.895987,58.01
17:25:52.902,62752.903062,58.02
17:25:52.910,62752.910374,58.02
17:25:52.917,62752.918074,58.01
17:25:52.925,62752.925139,57.63
17:25:52.932,62752.932152,58.03
17:25:52.939,62752.939935,57.69
17:25:52.946,62752.946875,58.03
17:25:52.953,62752.953928,58.04
17:25:52.961,62752.961158,58.43
17:25:52.968,62752.968411,57.98
17:25:52.975,62752.9757,58.03
17:25:52.983,62752.983386,57.58
17:25:52.990,62752.990506,57.59
17:25:52.997,62752.997544,57.61
17:25:53.004,62753.004573,58.0
17:25:53.011,62753.011378,58.23
17:25:53.018,62753.01861,58.49
17:25:53.025,62753.025828,58.06
17:25:53.032,62753.033077,58.41
17:25:53.040,62753.040485,58.58
17:25:53.047,62753.047603,58.41
17:25:53.054,62753.055126,58.0
17:25:53.062,62753.062905,58.41
17:25:53.069,62753.069972,58.0
17:25:53.077,62753.077275,58.01
17:25:53.084,62753.084721,58.05
17:25:53.091,62753.092002,58.0
17:25:53.098,62753.098985,58.0
17:25:53.106,62753.106104,58.02
17:25:53.112,62753.112987,58.45
17:25:53.119,62753.119946,58.0
17:25:53.126,62753.126831,58.03
17:25:53.134,62753.134338,58.02
17:25:53.142,62753.142171,58.03
17:25:53.148,62753.149038,58.02
17:25:53.155,62753.155949,58.47
17:25:53.162,62753.162733,58.03
17:25:53.169,62753.169566,58.03
17:25:53.176,62753.176755,58.01
17:25:53.183,62753.183799,58.01
17:25:53.190,62753.190962,57.99
17:25:53.198,62753.198324,58.47
17:25:53.205,62753.205492,58.47
17:25:53.212,62753.21285,58.0
17:25:53.219,62753.220052,58.48
17:25:53.226,62753.227026,58.0
17:25:53.233,62753.234013,57.98
17:25:53.240,62753.241073,58.0
17:25:53.247,62753.248115,58.05
17:25:53.255,62753.255365,57.57
17:25:53.263,62753.263246,57.63
17:25:53.270,62753.270238,57.65
17:25:53.277,62753.277344,57.6
17:25:53.284,62753.284293,58.01
17:25:53.291,62753.291131,57.99
17:25:53.297,62753.29801,57.63
17:25:53.304,62753.305005,58.04
17:25:53.311,62753.311777,58.0
17:25:53.318,62753.318838,58.54
17:25:53.326,62753.326266,58.44
17:25:53.333,62753.333391,58.43
17:25:53.340,62753.340693,58.51
17:25:53.347,62753.348039,58.06
17:25:53.354,62753.355086,58.06
17:25:53.362,62753.362436,58.03
17:25:53.369,62753.369556,58.4
17:25:53.376,62753.376908,58.06
17:25:53.383,62753.384058,58.9
17:25:53.390,62753.391005,58.03
17:25:53.398,62753.398698,58.03
17:25:53.405,62753.405721,58.0
17:25:53.412,62753.412741,57.6
17:25:53.420,62753.420278,58.07
17:25:53.427,62753.427272,58.01
17:25:53.434,62753.434391,58.02
17:25:53.441,62753.441176,57.99
17:25:53.448,62753.448216,58.04
17:25:53.455,62753.455136,58.07
17:25:53.462,62753.462361,58.03
17:25:53.469,62753.469448,58.01
17:25:53.476,62753.477134,57.64
17:25:53.484,62753.484754,58.43
17:25:53.491,62753.49154,58.44
17:25:53.498,62753.498629,58.49
17:25:53.505,62753.505656,58.01
17:25:53.513,62753.51406,58.02
17:25:53.521,62753.521223,57.59
17:25:53.528,62753.528538,57.63
17:25:53.535,62753.535964,57.99
17:25:53.543,62753.543234,58.03
17:25:53.550,62753.550159,58.01
17:25:53.557,62753.557204,58.02
17:25:53.565,62753.5652,58.41
17:25:53.572,62753.572328,58.49
17:25:53.579,62753.579716,58.05
17:25:53.587,62753.587252,58.01
17:25:53.594,62753.594617,58.46
17:25:53.601,62753.601625,58.49
17:25:53.608,62753.608786,58.45
17:25:53.615,62753.615954,57.67
